scope,domain,corruption,variant,severity,classifier,mean_f1
cross,als_to_hd,benchmark_label_corruption,direct,heavy,dt,0.6500315999999999
cross,als_to_hd,benchmark_label_corruption,direct,heavy,knn,0.6160079666666666
cross,als_to_hd,benchmark_label_corruption,direct,heavy,lgbm,0.6682880666666667
cross,als_to_hd,benchmark_label_corruption,direct,heavy,qda,0.6601139333333332
cross,als_to_hd,benchmark_label_corruption,direct,heavy,rf,0.6598558333333333
cross,als_to_hd,benchmark_label_corruption,direct,heavy,svm,0.6186937
cross,als_to_hd,benchmark_label_corruption,direct,heavy,xgb,0.6404351666666666
cross,als_to_hd,benchmark_label_corruption,direct,light,dt,0.7279982666666667
cross,als_to_hd,benchmark_label_corruption,direct,light,knn,0.6699307666666666
cross,als_to_hd,benchmark_label_corruption,direct,light,lgbm,0.7504180666666667
cross,als_to_hd,benchmark_label_corruption,direct,light,qda,0.7511384333333334
cross,als_to_hd,benchmark_label_corruption,direct,light,rf,0.7396221000000001
cross,als_to_hd,benchmark_label_corruption,direct,light,svm,0.6792529000000002
cross,als_to_hd,benchmark_label_corruption,direct,light,xgb,0.7115403333333334
cross,als_to_hd,benchmark_label_corruption,direct,medium,dt,0.7022708666666665
cross,als_to_hd,benchmark_label_corruption,direct,medium,knn,0.6511623666666667
cross,als_to_hd,benchmark_label_corruption,direct,medium,lgbm,0.7230305
cross,als_to_hd,benchmark_label_corruption,direct,medium,qda,0.7212302333333331
cross,als_to_hd,benchmark_label_corruption,direct,medium,rf,0.7119354999999998
cross,als_to_hd,benchmark_label_corruption,direct,medium,svm,0.6591324333333335
cross,als_to_hd,benchmark_label_corruption,direct,medium,xgb,0.6863958666666667
cross,als_to_hd,engineered_feature_gain_bias_drift,pooled_relative,heavy,dt,0.7720258666666667
cross,als_to_hd,engineered_feature_gain_bias_drift,pooled_relative,heavy,knn,0.6794979666666667
cross,als_to_hd,engineered_feature_gain_bias_drift,pooled_relative,heavy,lgbm,0.7395785333333333
cross,als_to_hd,engineered_feature_gain_bias_drift,pooled_relative,heavy,qda,0.5656092666666667
cross,als_to_hd,engineered_feature_gain_bias_drift,pooled_relative,heavy,rf,0.7427554333333334
cross,als_to_hd,engineered_feature_gain_bias_drift,pooled_relative,heavy,svm,0.6998211666666667
cross,als_to_hd,engineered_feature_gain_bias_drift,pooled_relative,heavy,xgb,0.7685696999999998
cross,als_to_hd,engineered_feature_gain_bias_drift,pooled_relative,light,dt,0.7643649666666664
cross,als_to_hd,engineered_feature_gain_bias_drift,pooled_relative,light,knn,0.6885287999999999
cross,als_to_hd,engineered_feature_gain_bias_drift,pooled_relative,light,lgbm,0.7622400333333332
cross,als_to_hd,engineered_feature_gain_bias_drift,pooled_relative,light,qda,0.7900379666666667
cross,als_to_hd,engineered_feature_gain_bias_drift,pooled_relative,light,rf,0.7676432666666668
cross,als_to_hd,engineered_feature_gain_bias_drift,pooled_relative,light,svm,0.6993147333333334
cross,als_to_hd,engineered_feature_gain_bias_drift,pooled_relative,light,xgb,0.7356268333333333
cross,als_to_hd,engineered_feature_gain_bias_drift,pooled_relative,medium,dt,0.7579713333333333
cross,als_to_hd,engineered_feature_gain_bias_drift,pooled_relative,medium,knn,0.6975094999999999
cross,als_to_hd,engineered_feature_gain_bias_drift,pooled_relative,medium,lgbm,0.7730991333333334
cross,als_to_hd,engineered_feature_gain_bias_drift,pooled_relative,medium,qda,0.7206053333333333
cross,als_to_hd,engineered_feature_gain_bias_drift,pooled_relative,medium,rf,0.7740720000000001
cross,als_to_hd,engineered_feature_gain_bias_drift,pooled_relative,medium,svm,0.6994235
cross,als_to_hd,engineered_feature_gain_bias_drift,pooled_relative,medium,xgb,0.7399754666666667
cross,als_to_hd,engineered_feature_gain_bias_drift,source_relative,heavy,dt,0.7598023333333334
cross,als_to_hd,engineered_feature_gain_bias_drift,source_relative,heavy,knn,0.7047832666666666
cross,als_to_hd,engineered_feature_gain_bias_drift,source_relative,heavy,lgbm,0.7481240000000001
cross,als_to_hd,engineered_feature_gain_bias_drift,source_relative,heavy,qda,0.5890644666666667
cross,als_to_hd,engineered_feature_gain_bias_drift,source_relative,heavy,rf,0.7534036333333334
cross,als_to_hd,engineered_feature_gain_bias_drift,source_relative,heavy,svm,0.6943972333333335
cross,als_to_hd,engineered_feature_gain_bias_drift,source_relative,heavy,xgb,0.7364227000000002
cross,als_to_hd,engineered_feature_gain_bias_drift,source_relative,light,dt,0.7593226333333333
cross,als_to_hd,engineered_feature_gain_bias_drift,source_relative,light,knn,0.6883083000000002
cross,als_to_hd,engineered_feature_gain_bias_drift,source_relative,light,lgbm,0.7652620666666667
cross,als_to_hd,engineered_feature_gain_bias_drift,source_relative,light,qda,0.786807
cross,als_to_hd,engineered_feature_gain_bias_drift,source_relative,light,rf,0.7675829999999999
cross,als_to_hd,engineered_feature_gain_bias_drift,source_relative,light,svm,0.6953107000000001
cross,als_to_hd,engineered_feature_gain_bias_drift,source_relative,light,xgb,0.7319904666666667
cross,als_to_hd,engineered_feature_gain_bias_drift,source_relative,medium,dt,0.7660675999999998
cross,als_to_hd,engineered_feature_gain_bias_drift,source_relative,medium,knn,0.6882536666666665
cross,als_to_hd,engineered_feature_gain_bias_drift,source_relative,medium,lgbm,0.7598668333333335
cross,als_to_hd,engineered_feature_gain_bias_drift,source_relative,medium,qda,0.7187311666666667
cross,als_to_hd,engineered_feature_gain_bias_drift,source_relative,medium,rf,0.7697558333333333
cross,als_to_hd,engineered_feature_gain_bias_drift,source_relative,medium,svm,0.6906132666666667
cross,als_to_hd,engineered_feature_gain_bias_drift,source_relative,medium,xgb,0.7366234000000002
cross,als_to_hd,engineered_feature_gain_bias_drift,target_relative,heavy,dt,0.7359823000000001
cross,als_to_hd,engineered_feature_gain_bias_drift,target_relative,heavy,knn,0.6768995333333334
cross,als_to_hd,engineered_feature_gain_bias_drift,target_relative,heavy,lgbm,0.7555717000000002
cross,als_to_hd,engineered_feature_gain_bias_drift,target_relative,heavy,qda,0.5543524666666667
cross,als_to_hd,engineered_feature_gain_bias_drift,target_relative,heavy,rf,0.7468044333333332
cross,als_to_hd,engineered_feature_gain_bias_drift,target_relative,heavy,svm,0.6621120333333333
cross,als_to_hd,engineered_feature_gain_bias_drift,target_relative,heavy,xgb,0.7309169333333332
cross,als_to_hd,engineered_feature_gain_bias_drift,target_relative,light,dt,0.7587657000000001
cross,als_to_hd,engineered_feature_gain_bias_drift,target_relative,light,knn,0.6903647333333331
cross,als_to_hd,engineered_feature_gain_bias_drift,target_relative,light,lgbm,0.7605071000000001
cross,als_to_hd,engineered_feature_gain_bias_drift,target_relative,light,qda,0.7817421666666665
cross,als_to_hd,engineered_feature_gain_bias_drift,target_relative,light,rf,0.7619476666666664
cross,als_to_hd,engineered_feature_gain_bias_drift,target_relative,light,svm,0.6977167333333334
cross,als_to_hd,engineered_feature_gain_bias_drift,target_relative,light,xgb,0.7326819
cross,als_to_hd,engineered_feature_gain_bias_drift,target_relative,medium,dt,0.7551622333333333
cross,als_to_hd,engineered_feature_gain_bias_drift,target_relative,medium,knn,0.6940705666666668
cross,als_to_hd,engineered_feature_gain_bias_drift,target_relative,medium,lgbm,0.7698334666666666
cross,als_to_hd,engineered_feature_gain_bias_drift,target_relative,medium,qda,0.6910879
cross,als_to_hd,engineered_feature_gain_bias_drift,target_relative,medium,rf,0.7650707666666665
cross,als_to_hd,engineered_feature_gain_bias_drift,target_relative,medium,svm,0.689418
cross,als_to_hd,engineered_feature_gain_bias_drift,target_relative,medium,xgb,0.7544267999999998
cross,als_to_hd,engineered_feature_masking,direct,heavy,dt,0.7501734999999999
cross,als_to_hd,engineered_feature_masking,direct,heavy,knn,0.6935188666666666
cross,als_to_hd,engineered_feature_masking,direct,heavy,lgbm,0.7764781
cross,als_to_hd,engineered_feature_masking,direct,heavy,qda,0.7175119333333334
cross,als_to_hd,engineered_feature_masking,direct,heavy,rf,0.7773014333333335
cross,als_to_hd,engineered_feature_masking,direct,heavy,svm,0.6387754333333334
cross,als_to_hd,engineered_feature_masking,direct,heavy,xgb,0.7454568
cross,als_to_hd,engineered_feature_masking,direct,light,dt,0.7519248666666666
cross,als_to_hd,engineered_feature_masking,direct,light,knn,0.6890120333333333
cross,als_to_hd,engineered_feature_masking,direct,light,lgbm,0.7782896
cross,als_to_hd,engineered_feature_masking,direct,light,qda,0.7734518666666669
cross,als_to_hd,engineered_feature_masking,direct,light,rf,0.7692781666666665
cross,als_to_hd,engineered_feature_masking,direct,light,svm,0.6898894666666667
cross,als_to_hd,engineered_feature_masking,direct,light,xgb,0.7360365333333334
cross,als_to_hd,engineered_feature_masking,direct,medium,dt,0.7508413666666668
cross,als_to_hd,engineered_feature_masking,direct,medium,knn,0.6910790666666669
cross,als_to_hd,engineered_feature_masking,direct,medium,lgbm,0.7776232000000001
cross,als_to_hd,engineered_feature_masking,direct,medium,qda,0.7524381666666666
cross,als_to_hd,engineered_feature_masking,direct,medium,rf,0.7727678
cross,als_to_hd,engineered_feature_masking,direct,medium,svm,0.6696595999999999
cross,als_to_hd,engineered_feature_masking,direct,medium,xgb,0.7392998666666666
cross,als_to_hd,evaluation_row_dropout,direct,heavy,dt,0.752194
cross,als_to_hd,evaluation_row_dropout,direct,heavy,knn,0.6879570333333334
cross,als_to_hd,evaluation_row_dropout,direct,heavy,lgbm,0.7776388999999999
cross,als_to_hd,evaluation_row_dropout,direct,heavy,qda,0.7826115333333333
cross,als_to_hd,evaluation_row_dropout,direct,heavy,rf,0.7683499333333333
cross,als_to_hd,evaluation_row_dropout,direct,heavy,svm,0.6986142333333334
cross,als_to_hd,evaluation_row_dropout,direct,heavy,xgb,0.7341231666666667
cross,als_to_hd,evaluation_row_dropout,direct,light,dt,0.7534124
cross,als_to_hd,evaluation_row_dropout,direct,light,knn,0.6881592666666667
cross,als_to_hd,evaluation_row_dropout,direct,light,lgbm,0.7787032
cross,als_to_hd,evaluation_row_dropout,direct,light,qda,0.7829161333333334
cross,als_to_hd,evaluation_row_dropout,direct,light,rf,0.7676913333333335
cross,als_to_hd,evaluation_row_dropout,direct,light,svm,0.6990402333333332
cross,als_to_hd,evaluation_row_dropout,direct,light,xgb,0.7341019666666667
cross,als_to_hd,evaluation_row_dropout,direct,medium,dt,0.7527180666666665
cross,als_to_hd,evaluation_row_dropout,direct,medium,knn,0.6877465000000001
cross,als_to_hd,evaluation_row_dropout,direct,medium,lgbm,0.7786331333333333
cross,als_to_hd,evaluation_row_dropout,direct,medium,qda,0.7839068333333334
cross,als_to_hd,evaluation_row_dropout,direct,medium,rf,0.7665553666666666
cross,als_to_hd,evaluation_row_dropout,direct,medium,svm,0.6996949333333333
cross,als_to_hd,evaluation_row_dropout,direct,medium,xgb,0.7342365
cross,als_to_hd,gaussian_feature_space_jitter,pooled_relative,heavy,dt,0.7054214333333332
cross,als_to_hd,gaussian_feature_space_jitter,pooled_relative,heavy,knn,0.6681800666666667
cross,als_to_hd,gaussian_feature_space_jitter,pooled_relative,heavy,lgbm,0.7109314666666666
cross,als_to_hd,gaussian_feature_space_jitter,pooled_relative,heavy,qda,0.47662616666666674
cross,als_to_hd,gaussian_feature_space_jitter,pooled_relative,heavy,rf,0.7054710666666667
cross,als_to_hd,gaussian_feature_space_jitter,pooled_relative,heavy,svm,0.6864637333333333
cross,als_to_hd,gaussian_feature_space_jitter,pooled_relative,heavy,xgb,0.7133134333333332
cross,als_to_hd,gaussian_feature_space_jitter,pooled_relative,light,dt,0.7674741333333335
cross,als_to_hd,gaussian_feature_space_jitter,pooled_relative,light,knn,0.6890635666666667
cross,als_to_hd,gaussian_feature_space_jitter,pooled_relative,light,lgbm,0.7745229666666665
cross,als_to_hd,gaussian_feature_space_jitter,pooled_relative,light,qda,0.7724129333333334
cross,als_to_hd,gaussian_feature_space_jitter,pooled_relative,light,rf,0.7674351333333334
cross,als_to_hd,gaussian_feature_space_jitter,pooled_relative,light,svm,0.6982589333333333
cross,als_to_hd,gaussian_feature_space_jitter,pooled_relative,light,xgb,0.7488782666666668
cross,als_to_hd,gaussian_feature_space_jitter,pooled_relative,medium,dt,0.7526064666666666
cross,als_to_hd,gaussian_feature_space_jitter,pooled_relative,medium,knn,0.6801965333333333
cross,als_to_hd,gaussian_feature_space_jitter,pooled_relative,medium,lgbm,0.7559813999999999
cross,als_to_hd,gaussian_feature_space_jitter,pooled_relative,medium,qda,0.6436183333333333
cross,als_to_hd,gaussian_feature_space_jitter,pooled_relative,medium,rf,0.7469154333333334
cross,als_to_hd,gaussian_feature_space_jitter,pooled_relative,medium,svm,0.6946017333333335
cross,als_to_hd,gaussian_feature_space_jitter,pooled_relative,medium,xgb,0.7428509333333334
cross,als_to_hd,gaussian_feature_space_jitter,source_relative,heavy,dt,0.7413759
cross,als_to_hd,gaussian_feature_space_jitter,source_relative,heavy,knn,0.6859182
cross,als_to_hd,gaussian_feature_space_jitter,source_relative,heavy,lgbm,0.7446463333333334
cross,als_to_hd,gaussian_feature_space_jitter,source_relative,heavy,qda,0.5685678666666667
cross,als_to_hd,gaussian_feature_space_jitter,source_relative,heavy,rf,0.7464879999999998
cross,als_to_hd,gaussian_feature_space_jitter,source_relative,heavy,svm,0.6894267666666667
cross,als_to_hd,gaussian_feature_space_jitter,source_relative,heavy,xgb,0.7403565000000002
cross,als_to_hd,gaussian_feature_space_jitter,source_relative,light,dt,0.7590326666666667
cross,als_to_hd,gaussian_feature_space_jitter,source_relative,light,knn,0.6896032000000001
cross,als_to_hd,gaussian_feature_space_jitter,source_relative,light,lgbm,0.7727182666666667
cross,als_to_hd,gaussian_feature_space_jitter,source_relative,light,qda,0.7865673666666667
cross,als_to_hd,gaussian_feature_space_jitter,source_relative,light,rf,0.7651537666666666
cross,als_to_hd,gaussian_feature_space_jitter,source_relative,light,svm,0.6986938333333333
cross,als_to_hd,gaussian_feature_space_jitter,source_relative,light,xgb,0.7345921
cross,als_to_hd,gaussian_feature_space_jitter,source_relative,medium,dt,0.7660078666666666
cross,als_to_hd,gaussian_feature_space_jitter,source_relative,medium,knn,0.6893278666666666
cross,als_to_hd,gaussian_feature_space_jitter,source_relative,medium,lgbm,0.7629680333333332
cross,als_to_hd,gaussian_feature_space_jitter,source_relative,medium,qda,0.7211092333333332
cross,als_to_hd,gaussian_feature_space_jitter,source_relative,medium,rf,0.7641865333333334
cross,als_to_hd,gaussian_feature_space_jitter,source_relative,medium,svm,0.6973248
cross,als_to_hd,gaussian_feature_space_jitter,source_relative,medium,xgb,0.7461740666666669
cross,als_to_hd,gaussian_feature_space_jitter,target_relative,heavy,dt,0.6994806333333333
cross,als_to_hd,gaussian_feature_space_jitter,target_relative,heavy,knn,0.6641602333333334
cross,als_to_hd,gaussian_feature_space_jitter,target_relative,heavy,lgbm,0.700256
cross,als_to_hd,gaussian_feature_space_jitter,target_relative,heavy,qda,0.4598923666666667
cross,als_to_hd,gaussian_feature_space_jitter,target_relative,heavy,rf,0.6978222333333333
cross,als_to_hd,gaussian_feature_space_jitter,target_relative,heavy,svm,0.683717
cross,als_to_hd,gaussian_feature_space_jitter,target_relative,heavy,xgb,0.7076245
cross,als_to_hd,gaussian_feature_space_jitter,target_relative,light,dt,0.7679216
cross,als_to_hd,gaussian_feature_space_jitter,target_relative,light,knn,0.6872011333333334
cross,als_to_hd,gaussian_feature_space_jitter,target_relative,light,lgbm,0.7755157666666667
cross,als_to_hd,gaussian_feature_space_jitter,target_relative,light,qda,0.7653979666666667
cross,als_to_hd,gaussian_feature_space_jitter,target_relative,light,rf,0.7672519666666666
cross,als_to_hd,gaussian_feature_space_jitter,target_relative,light,svm,0.6985483666666666
cross,als_to_hd,gaussian_feature_space_jitter,target_relative,light,xgb,0.7512421333333336
cross,als_to_hd,gaussian_feature_space_jitter,target_relative,medium,dt,0.7464088666666666
cross,als_to_hd,gaussian_feature_space_jitter,target_relative,medium,knn,0.6764475666666667
cross,als_to_hd,gaussian_feature_space_jitter,target_relative,medium,lgbm,0.7528939333333333
cross,als_to_hd,gaussian_feature_space_jitter,target_relative,medium,qda,0.6200079333333333
cross,als_to_hd,gaussian_feature_space_jitter,target_relative,medium,rf,0.7400774666666667
cross,als_to_hd,gaussian_feature_space_jitter,target_relative,medium,svm,0.6937836999999999
cross,als_to_hd,gaussian_feature_space_jitter,target_relative,medium,xgb,0.7391071999999999
cross,als_to_pd,benchmark_label_corruption,direct,heavy,dt,0.7078120333333333
cross,als_to_pd,benchmark_label_corruption,direct,heavy,knn,0.6121709
cross,als_to_pd,benchmark_label_corruption,direct,heavy,lgbm,0.6367314
cross,als_to_pd,benchmark_label_corruption,direct,heavy,qda,0.6730627333333334
cross,als_to_pd,benchmark_label_corruption,direct,heavy,rf,0.6876109333333335
cross,als_to_pd,benchmark_label_corruption,direct,heavy,svm,0.6598211666666667
cross,als_to_pd,benchmark_label_corruption,direct,heavy,xgb,0.6300730333333333
cross,als_to_pd,benchmark_label_corruption,direct,light,dt,0.8165507
cross,als_to_pd,benchmark_label_corruption,direct,light,knn,0.6653759999999999
cross,als_to_pd,benchmark_label_corruption,direct,light,lgbm,0.7038507333333331
cross,als_to_pd,benchmark_label_corruption,direct,light,qda,0.7665370666666667
cross,als_to_pd,benchmark_label_corruption,direct,light,rf,0.7830667333333334
cross,als_to_pd,benchmark_label_corruption,direct,light,svm,0.7453903333333332
cross,als_to_pd,benchmark_label_corruption,direct,light,xgb,0.6949141666666668
cross,als_to_pd,benchmark_label_corruption,direct,medium,dt,0.7802781666666666
cross,als_to_pd,benchmark_label_corruption,direct,medium,knn,0.6478143333333333
cross,als_to_pd,benchmark_label_corruption,direct,medium,lgbm,0.6806285
cross,als_to_pd,benchmark_label_corruption,direct,medium,qda,0.7351493666666666
cross,als_to_pd,benchmark_label_corruption,direct,medium,rf,0.7497537
cross,als_to_pd,benchmark_label_corruption,direct,medium,svm,0.7179225333333333
cross,als_to_pd,benchmark_label_corruption,direct,medium,xgb,0.6745245333333332
cross,als_to_pd,engineered_feature_gain_bias_drift,pooled_relative,heavy,dt,0.7844992666666667
cross,als_to_pd,engineered_feature_gain_bias_drift,pooled_relative,heavy,knn,0.6478202666666667
cross,als_to_pd,engineered_feature_gain_bias_drift,pooled_relative,heavy,lgbm,0.6454446333333336
cross,als_to_pd,engineered_feature_gain_bias_drift,pooled_relative,heavy,qda,0.5875455333333333
cross,als_to_pd,engineered_feature_gain_bias_drift,pooled_relative,heavy,rf,0.7599752
cross,als_to_pd,engineered_feature_gain_bias_drift,pooled_relative,heavy,svm,0.7132518666666665
cross,als_to_pd,engineered_feature_gain_bias_drift,pooled_relative,heavy,xgb,0.6892639666666667
cross,als_to_pd,engineered_feature_gain_bias_drift,pooled_relative,light,dt,0.8308799333333334
cross,als_to_pd,engineered_feature_gain_bias_drift,pooled_relative,light,knn,0.6807592333333332
cross,als_to_pd,engineered_feature_gain_bias_drift,pooled_relative,light,lgbm,0.7175400333333335
cross,als_to_pd,engineered_feature_gain_bias_drift,pooled_relative,light,qda,0.7981727333333333
cross,als_to_pd,engineered_feature_gain_bias_drift,pooled_relative,light,rf,0.8082197999999999
cross,als_to_pd,engineered_feature_gain_bias_drift,pooled_relative,light,svm,0.7705428
cross,als_to_pd,engineered_feature_gain_bias_drift,pooled_relative,light,xgb,0.7069175
cross,als_to_pd,engineered_feature_gain_bias_drift,pooled_relative,medium,dt,0.8104146
cross,als_to_pd,engineered_feature_gain_bias_drift,pooled_relative,medium,knn,0.6748241666666667
cross,als_to_pd,engineered_feature_gain_bias_drift,pooled_relative,medium,lgbm,0.6790709
cross,als_to_pd,engineered_feature_gain_bias_drift,pooled_relative,medium,qda,0.7426702000000002
cross,als_to_pd,engineered_feature_gain_bias_drift,pooled_relative,medium,rf,0.7917298000000002
cross,als_to_pd,engineered_feature_gain_bias_drift,pooled_relative,medium,svm,0.7574310333333333
cross,als_to_pd,engineered_feature_gain_bias_drift,pooled_relative,medium,xgb,0.6914433
cross,als_to_pd,engineered_feature_gain_bias_drift,source_relative,heavy,dt,0.7591923666666666
cross,als_to_pd,engineered_feature_gain_bias_drift,source_relative,heavy,knn,0.6632353333333334
cross,als_to_pd,engineered_feature_gain_bias_drift,source_relative,heavy,lgbm,0.6515391
cross,als_to_pd,engineered_feature_gain_bias_drift,source_relative,heavy,qda,0.5800521333333333
cross,als_to_pd,engineered_feature_gain_bias_drift,source_relative,heavy,rf,0.7492755000000001
cross,als_to_pd,engineered_feature_gain_bias_drift,source_relative,heavy,svm,0.7216785333333333
cross,als_to_pd,engineered_feature_gain_bias_drift,source_relative,heavy,xgb,0.7012308
cross,als_to_pd,engineered_feature_gain_bias_drift,source_relative,light,dt,0.8366062999999999
cross,als_to_pd,engineered_feature_gain_bias_drift,source_relative,light,knn,0.6817226999999998
cross,als_to_pd,engineered_feature_gain_bias_drift,source_relative,light,lgbm,0.7149084
cross,als_to_pd,engineered_feature_gain_bias_drift,source_relative,light,qda,0.7980701333333333
cross,als_to_pd,engineered_feature_gain_bias_drift,source_relative,light,rf,0.8011435333333333
cross,als_to_pd,engineered_feature_gain_bias_drift,source_relative,light,svm,0.7656753
cross,als_to_pd,engineered_feature_gain_bias_drift,source_relative,light,xgb,0.7145960000000001
cross,als_to_pd,engineered_feature_gain_bias_drift,source_relative,medium,dt,0.8054965666666667
cross,als_to_pd,engineered_feature_gain_bias_drift,source_relative,medium,knn,0.6805097333333332
cross,als_to_pd,engineered_feature_gain_bias_drift,source_relative,medium,lgbm,0.6777612333333334
cross,als_to_pd,engineered_feature_gain_bias_drift,source_relative,medium,qda,0.7330928333333334
cross,als_to_pd,engineered_feature_gain_bias_drift,source_relative,medium,rf,0.7866367000000002
cross,als_to_pd,engineered_feature_gain_bias_drift,source_relative,medium,svm,0.7596957999999999
cross,als_to_pd,engineered_feature_gain_bias_drift,source_relative,medium,xgb,0.7102284333333333
cross,als_to_pd,engineered_feature_gain_bias_drift,target_relative,heavy,dt,0.7525935666666667
cross,als_to_pd,engineered_feature_gain_bias_drift,target_relative,heavy,knn,0.6531217333333335
cross,als_to_pd,engineered_feature_gain_bias_drift,target_relative,heavy,lgbm,0.6604104
cross,als_to_pd,engineered_feature_gain_bias_drift,target_relative,heavy,qda,0.6095573
cross,als_to_pd,engineered_feature_gain_bias_drift,target_relative,heavy,rf,0.7599516666666667
cross,als_to_pd,engineered_feature_gain_bias_drift,target_relative,heavy,svm,0.7322916333333335
cross,als_to_pd,engineered_feature_gain_bias_drift,target_relative,heavy,xgb,0.7051919666666667
cross,als_to_pd,engineered_feature_gain_bias_drift,target_relative,light,dt,0.8309223666666665
cross,als_to_pd,engineered_feature_gain_bias_drift,target_relative,light,knn,0.6840880666666667
cross,als_to_pd,engineered_feature_gain_bias_drift,target_relative,light,lgbm,0.7160547666666666
cross,als_to_pd,engineered_feature_gain_bias_drift,target_relative,light,qda,0.8068844666666668
cross,als_to_pd,engineered_feature_gain_bias_drift,target_relative,light,rf,0.8078613333333334
cross,als_to_pd,engineered_feature_gain_bias_drift,target_relative,light,svm,0.7724721333333334
cross,als_to_pd,engineered_feature_gain_bias_drift,target_relative,light,xgb,0.7165322000000001
cross,als_to_pd,engineered_feature_gain_bias_drift,target_relative,medium,dt,0.8072901666666666
cross,als_to_pd,engineered_feature_gain_bias_drift,target_relative,medium,knn,0.6759197333333334
cross,als_to_pd,engineered_feature_gain_bias_drift,target_relative,medium,lgbm,0.6690400333333333
cross,als_to_pd,engineered_feature_gain_bias_drift,target_relative,medium,qda,0.7377114333333333
cross,als_to_pd,engineered_feature_gain_bias_drift,target_relative,medium,rf,0.7860071333333333
cross,als_to_pd,engineered_feature_gain_bias_drift,target_relative,medium,svm,0.7538629
cross,als_to_pd,engineered_feature_gain_bias_drift,target_relative,medium,xgb,0.7004074333333333
cross,als_to_pd,engineered_feature_masking,direct,heavy,dt,0.8261763
cross,als_to_pd,engineered_feature_masking,direct,heavy,knn,0.6621716666666665
cross,als_to_pd,engineered_feature_masking,direct,heavy,lgbm,0.6712838666666665
cross,als_to_pd,engineered_feature_masking,direct,heavy,qda,0.7226577333333334
cross,als_to_pd,engineered_feature_masking,direct,heavy,rf,0.8043682333333334
cross,als_to_pd,engineered_feature_masking,direct,heavy,svm,0.6625815333333333
cross,als_to_pd,engineered_feature_masking,direct,heavy,xgb,0.7044248333333333
cross,als_to_pd,engineered_feature_masking,direct,light,dt,0.8482098333333332
cross,als_to_pd,engineered_feature_masking,direct,light,knn,0.6801496333333336
cross,als_to_pd,engineered_feature_masking,direct,light,lgbm,0.7167817000000001
cross,als_to_pd,engineered_feature_masking,direct,light,qda,0.7869005
cross,als_to_pd,engineered_feature_masking,direct,light,rf,0.8135438
cross,als_to_pd,engineered_feature_masking,direct,light,svm,0.7562241666666668
cross,als_to_pd,engineered_feature_masking,direct,light,xgb,0.7154354666666668
cross,als_to_pd,engineered_feature_masking,direct,medium,dt,0.8381778000000001
cross,als_to_pd,engineered_feature_masking,direct,medium,knn,0.6734549
cross,als_to_pd,engineered_feature_masking,direct,medium,lgbm,0.6982211
cross,als_to_pd,engineered_feature_masking,direct,medium,qda,0.7621279333333333
cross,als_to_pd,engineered_feature_masking,direct,medium,rf,0.8106638333333333
cross,als_to_pd,engineered_feature_masking,direct,medium,svm,0.7191033
cross,als_to_pd,engineered_feature_masking,direct,medium,xgb,0.7118832333333334
cross,als_to_pd,evaluation_row_dropout,direct,heavy,dt,0.8558770333333333
cross,als_to_pd,evaluation_row_dropout,direct,heavy,knn,0.6837202
cross,als_to_pd,evaluation_row_dropout,direct,heavy,lgbm,0.7255991666666667
cross,als_to_pd,evaluation_row_dropout,direct,heavy,qda,0.7984604999999999
cross,als_to_pd,evaluation_row_dropout,direct,heavy,rf,0.8154656666666668
cross,als_to_pd,evaluation_row_dropout,direct,heavy,svm,0.7744414
cross,als_to_pd,evaluation_row_dropout,direct,heavy,xgb,0.7174734666666666
cross,als_to_pd,evaluation_row_dropout,direct,light,dt,0.8549652999999999
cross,als_to_pd,evaluation_row_dropout,direct,light,knn,0.6833220666666666
cross,als_to_pd,evaluation_row_dropout,direct,light,lgbm,0.7257385666666668
cross,als_to_pd,evaluation_row_dropout,direct,light,qda,0.798536566666667
cross,als_to_pd,evaluation_row_dropout,direct,light,rf,0.8157171000000001
cross,als_to_pd,evaluation_row_dropout,direct,light,svm,0.7749602333333332
cross,als_to_pd,evaluation_row_dropout,direct,light,xgb,0.7165073999999999
cross,als_to_pd,evaluation_row_dropout,direct,medium,dt,0.8547206
cross,als_to_pd,evaluation_row_dropout,direct,medium,knn,0.6836275666666665
cross,als_to_pd,evaluation_row_dropout,direct,medium,lgbm,0.724974
cross,als_to_pd,evaluation_row_dropout,direct,medium,qda,0.7976513999999999
cross,als_to_pd,evaluation_row_dropout,direct,medium,rf,0.8156353999999999
cross,als_to_pd,evaluation_row_dropout,direct,medium,svm,0.7751419666666666
cross,als_to_pd,evaluation_row_dropout,direct,medium,xgb,0.7164386333333334
cross,als_to_pd,gaussian_feature_space_jitter,pooled_relative,heavy,dt,0.7478628333333336
cross,als_to_pd,gaussian_feature_space_jitter,pooled_relative,heavy,knn,0.6690588
cross,als_to_pd,gaussian_feature_space_jitter,pooled_relative,heavy,lgbm,0.6770558333333334
cross,als_to_pd,gaussian_feature_space_jitter,pooled_relative,heavy,qda,0.5803678
cross,als_to_pd,gaussian_feature_space_jitter,pooled_relative,heavy,rf,0.7543002
cross,als_to_pd,gaussian_feature_space_jitter,pooled_relative,heavy,svm,0.7307095666666666
cross,als_to_pd,gaussian_feature_space_jitter,pooled_relative,heavy,xgb,0.7172733666666669
cross,als_to_pd,gaussian_feature_space_jitter,pooled_relative,light,dt,0.8387967333333334
cross,als_to_pd,gaussian_feature_space_jitter,pooled_relative,light,knn,0.6848835333333334
cross,als_to_pd,gaussian_feature_space_jitter,pooled_relative,light,lgbm,0.7198625000000001
cross,als_to_pd,gaussian_feature_space_jitter,pooled_relative,light,qda,0.7996724666666667
cross,als_to_pd,gaussian_feature_space_jitter,pooled_relative,light,rf,0.7999190666666667
cross,als_to_pd,gaussian_feature_space_jitter,pooled_relative,light,svm,0.7720594333333335
cross,als_to_pd,gaussian_feature_space_jitter,pooled_relative,light,xgb,0.7158973999999999
cross,als_to_pd,gaussian_feature_space_jitter,pooled_relative,medium,dt,0.8159363000000001
cross,als_to_pd,gaussian_feature_space_jitter,pooled_relative,medium,knn,0.6821794666666666
cross,als_to_pd,gaussian_feature_space_jitter,pooled_relative,medium,lgbm,0.7032347333333335
cross,als_to_pd,gaussian_feature_space_jitter,pooled_relative,medium,qda,0.7424943333333334
cross,als_to_pd,gaussian_feature_space_jitter,pooled_relative,medium,rf,0.7927665666666667
cross,als_to_pd,gaussian_feature_space_jitter,pooled_relative,medium,svm,0.7615587333333333
cross,als_to_pd,gaussian_feature_space_jitter,pooled_relative,medium,xgb,0.7260298000000002
cross,als_to_pd,gaussian_feature_space_jitter,source_relative,heavy,dt,0.7410232666666665
cross,als_to_pd,gaussian_feature_space_jitter,source_relative,heavy,knn,0.6676204333333333
cross,als_to_pd,gaussian_feature_space_jitter,source_relative,heavy,lgbm,0.6689830666666665
cross,als_to_pd,gaussian_feature_space_jitter,source_relative,heavy,qda,0.5603369333333333
cross,als_to_pd,gaussian_feature_space_jitter,source_relative,heavy,rf,0.7501866333333332
cross,als_to_pd,gaussian_feature_space_jitter,source_relative,heavy,svm,0.7254127666666667
cross,als_to_pd,gaussian_feature_space_jitter,source_relative,heavy,xgb,0.7121678
cross,als_to_pd,gaussian_feature_space_jitter,source_relative,light,dt,0.8387155999999999
cross,als_to_pd,gaussian_feature_space_jitter,source_relative,light,knn,0.6851099666666666
cross,als_to_pd,gaussian_feature_space_jitter,source_relative,light,lgbm,0.7188106
cross,als_to_pd,gaussian_feature_space_jitter,source_relative,light,qda,0.7992287
cross,als_to_pd,gaussian_feature_space_jitter,source_relative,light,rf,0.8018645333333333
cross,als_to_pd,gaussian_feature_space_jitter,source_relative,light,svm,0.7719337333333333
cross,als_to_pd,gaussian_feature_space_jitter,source_relative,light,xgb,0.7158692333333332
cross,als_to_pd,gaussian_feature_space_jitter,source_relative,medium,dt,0.8119025666666667
cross,als_to_pd,gaussian_feature_space_jitter,source_relative,medium,knn,0.6809434000000001
cross,als_to_pd,gaussian_feature_space_jitter,source_relative,medium,lgbm,0.6971410666666669
cross,als_to_pd,gaussian_feature_space_jitter,source_relative,medium,qda,0.7295796666666666
cross,als_to_pd,gaussian_feature_space_jitter,source_relative,medium,rf,0.7893143666666665
cross,als_to_pd,gaussian_feature_space_jitter,source_relative,medium,svm,0.7603537
cross,als_to_pd,gaussian_feature_space_jitter,source_relative,medium,xgb,0.7261697
cross,als_to_pd,gaussian_feature_space_jitter,target_relative,heavy,dt,0.7646593333333332
cross,als_to_pd,gaussian_feature_space_jitter,target_relative,heavy,knn,0.6679416333333333
cross,als_to_pd,gaussian_feature_space_jitter,target_relative,heavy,lgbm,0.6942036666666668
cross,als_to_pd,gaussian_feature_space_jitter,target_relative,heavy,qda,0.6140083000000001
cross,als_to_pd,gaussian_feature_space_jitter,target_relative,heavy,rf,0.7640513333333333
cross,als_to_pd,gaussian_feature_space_jitter,target_relative,heavy,svm,0.7356723
cross,als_to_pd,gaussian_feature_space_jitter,target_relative,heavy,xgb,0.7226305333333335
cross,als_to_pd,gaussian_feature_space_jitter,target_relative,light,dt,0.8387242666666667
cross,als_to_pd,gaussian_feature_space_jitter,target_relative,light,knn,0.6854057333333334
cross,als_to_pd,gaussian_feature_space_jitter,target_relative,light,lgbm,0.7209401999999999
cross,als_to_pd,gaussian_feature_space_jitter,target_relative,light,qda,0.7999442000000001
cross,als_to_pd,gaussian_feature_space_jitter,target_relative,light,rf,0.8006866
cross,als_to_pd,gaussian_feature_space_jitter,target_relative,light,svm,0.7723686999999999
cross,als_to_pd,gaussian_feature_space_jitter,target_relative,light,xgb,0.7174727333333333
cross,als_to_pd,gaussian_feature_space_jitter,target_relative,medium,dt,0.8226368333333336
cross,als_to_pd,gaussian_feature_space_jitter,target_relative,medium,knn,0.6819053666666668
cross,als_to_pd,gaussian_feature_space_jitter,target_relative,medium,lgbm,0.7138964666666666
cross,als_to_pd,gaussian_feature_space_jitter,target_relative,medium,qda,0.7555509333333333
cross,als_to_pd,gaussian_feature_space_jitter,target_relative,medium,rf,0.7957604666666669
cross,als_to_pd,gaussian_feature_space_jitter,target_relative,medium,svm,0.7625362666666667
cross,als_to_pd,gaussian_feature_space_jitter,target_relative,medium,xgb,0.7279811333333335
cross,hd_to_als,benchmark_label_corruption,direct,heavy,dt,0.5646939333333333
cross,hd_to_als,benchmark_label_corruption,direct,heavy,knn,0.5613464666666667
cross,hd_to_als,benchmark_label_corruption,direct,heavy,lgbm,0.5657974333333333
cross,hd_to_als,benchmark_label_corruption,direct,heavy,qda,0.7272586
cross,hd_to_als,benchmark_label_corruption,direct,heavy,rf,0.5651082
cross,hd_to_als,benchmark_label_corruption,direct,heavy,svm,0.6282475333333333
cross,hd_to_als,benchmark_label_corruption,direct,heavy,xgb,0.5643325
cross,hd_to_als,benchmark_label_corruption,direct,light,dt,0.6003869666666667
cross,hd_to_als,benchmark_label_corruption,direct,light,knn,0.6239424333333332
cross,hd_to_als,benchmark_label_corruption,direct,light,lgbm,0.5997538333333333
cross,hd_to_als,benchmark_label_corruption,direct,light,qda,0.8473233333333335
cross,hd_to_als,benchmark_label_corruption,direct,light,rf,0.6006843
cross,hd_to_als,benchmark_label_corruption,direct,light,svm,0.7064663333333334
cross,hd_to_als,benchmark_label_corruption,direct,light,xgb,0.6004764666666667
cross,hd_to_als,benchmark_label_corruption,direct,medium,dt,0.5878028666666668
cross,hd_to_als,benchmark_label_corruption,direct,medium,knn,0.6032979333333334
cross,hd_to_als,benchmark_label_corruption,direct,medium,lgbm,0.5876453000000001
cross,hd_to_als,benchmark_label_corruption,direct,medium,qda,0.8078237333333331
cross,hd_to_als,benchmark_label_corruption,direct,medium,rf,0.5884863333333333
cross,hd_to_als,benchmark_label_corruption,direct,medium,svm,0.6797127333333332
cross,hd_to_als,benchmark_label_corruption,direct,medium,xgb,0.5887043
cross,hd_to_als,engineered_feature_gain_bias_drift,pooled_relative,heavy,dt,0.6494049666666666
cross,hd_to_als,engineered_feature_gain_bias_drift,pooled_relative,heavy,knn,0.6079450666666666
cross,hd_to_als,engineered_feature_gain_bias_drift,pooled_relative,heavy,lgbm,0.6484083666666668
cross,hd_to_als,engineered_feature_gain_bias_drift,pooled_relative,heavy,qda,0.3558079999999999
cross,hd_to_als,engineered_feature_gain_bias_drift,pooled_relative,heavy,rf,0.6760004333333334
cross,hd_to_als,engineered_feature_gain_bias_drift,pooled_relative,heavy,svm,0.637135
cross,hd_to_als,engineered_feature_gain_bias_drift,pooled_relative,heavy,xgb,0.6881727333333333
cross,hd_to_als,engineered_feature_gain_bias_drift,pooled_relative,light,dt,0.6586547333333334
cross,hd_to_als,engineered_feature_gain_bias_drift,pooled_relative,light,knn,0.6442124333333333
cross,hd_to_als,engineered_feature_gain_bias_drift,pooled_relative,light,lgbm,0.6631398333333334
cross,hd_to_als,engineered_feature_gain_bias_drift,pooled_relative,light,qda,0.5073077666666667
cross,hd_to_als,engineered_feature_gain_bias_drift,pooled_relative,light,rf,0.6396476999999999
cross,hd_to_als,engineered_feature_gain_bias_drift,pooled_relative,light,svm,0.7198965333333334
cross,hd_to_als,engineered_feature_gain_bias_drift,pooled_relative,light,xgb,0.6639600999999999
cross,hd_to_als,engineered_feature_gain_bias_drift,pooled_relative,medium,dt,0.6666494333333333
cross,hd_to_als,engineered_feature_gain_bias_drift,pooled_relative,medium,knn,0.6448756999999999
cross,hd_to_als,engineered_feature_gain_bias_drift,pooled_relative,medium,lgbm,0.6762486999999999
cross,hd_to_als,engineered_feature_gain_bias_drift,pooled_relative,medium,qda,0.36956009999999995
cross,hd_to_als,engineered_feature_gain_bias_drift,pooled_relative,medium,rf,0.6671824333333334
cross,hd_to_als,engineered_feature_gain_bias_drift,pooled_relative,medium,svm,0.7042823666666665
cross,hd_to_als,engineered_feature_gain_bias_drift,pooled_relative,medium,xgb,0.6680294
cross,hd_to_als,engineered_feature_gain_bias_drift,source_relative,heavy,dt,0.6722445333333333
cross,hd_to_als,engineered_feature_gain_bias_drift,source_relative,heavy,knn,0.6306271666666666
cross,hd_to_als,engineered_feature_gain_bias_drift,source_relative,heavy,lgbm,0.6868278666666666
cross,hd_to_als,engineered_feature_gain_bias_drift,source_relative,heavy,qda,0.3558079999999999
cross,hd_to_als,engineered_feature_gain_bias_drift,source_relative,heavy,rf,0.6706829999999999
cross,hd_to_als,engineered_feature_gain_bias_drift,source_relative,heavy,svm,0.6105611666666666
cross,hd_to_als,engineered_feature_gain_bias_drift,source_relative,heavy,xgb,0.6612505666666667
cross,hd_to_als,engineered_feature_gain_bias_drift,source_relative,light,dt,0.6595246666666665
cross,hd_to_als,engineered_feature_gain_bias_drift,source_relative,light,knn,0.6536206
cross,hd_to_als,engineered_feature_gain_bias_drift,source_relative,light,lgbm,0.6640709666666667
cross,hd_to_als,engineered_feature_gain_bias_drift,source_relative,light,qda,0.4689652666666666
cross,hd_to_als,engineered_feature_gain_bias_drift,source_relative,light,rf,0.6670275333333334
cross,hd_to_als,engineered_feature_gain_bias_drift,source_relative,light,svm,0.7354599333333333
cross,hd_to_als,engineered_feature_gain_bias_drift,source_relative,light,xgb,0.6617658999999999
cross,hd_to_als,engineered_feature_gain_bias_drift,source_relative,medium,dt,0.6921500666666666
cross,hd_to_als,engineered_feature_gain_bias_drift,source_relative,medium,knn,0.6551619333333333
cross,hd_to_als,engineered_feature_gain_bias_drift,source_relative,medium,lgbm,0.6893281666666666
cross,hd_to_als,engineered_feature_gain_bias_drift,source_relative,medium,qda,0.37336493333333326
cross,hd_to_als,engineered_feature_gain_bias_drift,source_relative,medium,rf,0.671597
cross,hd_to_als,engineered_feature_gain_bias_drift,source_relative,medium,svm,0.6915892666666666
cross,hd_to_als,engineered_feature_gain_bias_drift,source_relative,medium,xgb,0.6864078666666665
cross,hd_to_als,engineered_feature_gain_bias_drift,target_relative,heavy,dt,0.6894800666666668
cross,hd_to_als,engineered_feature_gain_bias_drift,target_relative,heavy,knn,0.6213929
cross,hd_to_als,engineered_feature_gain_bias_drift,target_relative,heavy,lgbm,0.7058794666666668
cross,hd_to_als,engineered_feature_gain_bias_drift,target_relative,heavy,qda,0.3558079999999999
cross,hd_to_als,engineered_feature_gain_bias_drift,target_relative,heavy,rf,0.7061218666666668
cross,hd_to_als,engineered_feature_gain_bias_drift,target_relative,heavy,svm,0.5929318000000001
cross,hd_to_als,engineered_feature_gain_bias_drift,target_relative,heavy,xgb,0.7085995666666667
cross,hd_to_als,engineered_feature_gain_bias_drift,target_relative,light,dt,0.6399356666666667
cross,hd_to_als,engineered_feature_gain_bias_drift,target_relative,light,knn,0.6373305333333334
cross,hd_to_als,engineered_feature_gain_bias_drift,target_relative,light,lgbm,0.6380347000000001
cross,hd_to_als,engineered_feature_gain_bias_drift,target_relative,light,qda,0.5336448333333333
cross,hd_to_als,engineered_feature_gain_bias_drift,target_relative,light,rf,0.6339006
cross,hd_to_als,engineered_feature_gain_bias_drift,target_relative,light,svm,0.7263284666666667
cross,hd_to_als,engineered_feature_gain_bias_drift,target_relative,light,xgb,0.6341266666666667
cross,hd_to_als,engineered_feature_gain_bias_drift,target_relative,medium,dt,0.6409613666666666
cross,hd_to_als,engineered_feature_gain_bias_drift,target_relative,medium,knn,0.6372018666666667
cross,hd_to_als,engineered_feature_gain_bias_drift,target_relative,medium,lgbm,0.6800402
cross,hd_to_als,engineered_feature_gain_bias_drift,target_relative,medium,qda,0.36696863333333324
cross,hd_to_als,engineered_feature_gain_bias_drift,target_relative,medium,rf,0.6521256
cross,hd_to_als,engineered_feature_gain_bias_drift,target_relative,medium,svm,0.7082687
cross,hd_to_als,engineered_feature_gain_bias_drift,target_relative,medium,xgb,0.6631224666666665
cross,hd_to_als,engineered_feature_masking,direct,heavy,dt,0.611777
cross,hd_to_als,engineered_feature_masking,direct,heavy,knn,0.5747640666666667
cross,hd_to_als,engineered_feature_masking,direct,heavy,lgbm,0.611777
cross,hd_to_als,engineered_feature_masking,direct,heavy,qda,0.7683969000000002
cross,hd_to_als,engineered_feature_masking,direct,heavy,rf,0.611777
cross,hd_to_als,engineered_feature_masking,direct,heavy,svm,0.6482378333333332
cross,hd_to_als,engineered_feature_masking,direct,heavy,xgb,0.611777
cross,hd_to_als,engineered_feature_masking,direct,light,dt,0.611777
cross,hd_to_als,engineered_feature_masking,direct,light,knn,0.6338618666666666
cross,hd_to_als,engineered_feature_masking,direct,light,lgbm,0.611777
cross,hd_to_als,engineered_feature_masking,direct,light,qda,0.8688390999999999
cross,hd_to_als,engineered_feature_masking,direct,light,rf,0.611777
cross,hd_to_als,engineered_feature_masking,direct,light,svm,0.7197009666666666
cross,hd_to_als,engineered_feature_masking,direct,light,xgb,0.611777
cross,hd_to_als,engineered_feature_masking,direct,medium,dt,0.611777
cross,hd_to_als,engineered_feature_masking,direct,medium,knn,0.6110725666666667
cross,hd_to_als,engineered_feature_masking,direct,medium,lgbm,0.611777
cross,hd_to_als,engineered_feature_masking,direct,medium,qda,0.8301792666666667
cross,hd_to_als,engineered_feature_masking,direct,medium,rf,0.611777
cross,hd_to_als,engineered_feature_masking,direct,medium,svm,0.6924219
cross,hd_to_als,engineered_feature_masking,direct,medium,xgb,0.611777
cross,hd_to_als,evaluation_row_dropout,direct,heavy,dt,0.6114365666666667
cross,hd_to_als,evaluation_row_dropout,direct,heavy,knn,0.6455774999999999
cross,hd_to_als,evaluation_row_dropout,direct,heavy,lgbm,0.6115020333333334
cross,hd_to_als,evaluation_row_dropout,direct,heavy,qda,0.8859786666666667
cross,hd_to_als,evaluation_row_dropout,direct,heavy,rf,0.612565
cross,hd_to_als,evaluation_row_dropout,direct,heavy,svm,0.7347805
cross,hd_to_als,evaluation_row_dropout,direct,heavy,xgb,0.6101114666666666
cross,hd_to_als,evaluation_row_dropout,direct,light,dt,0.6116693666666666
cross,hd_to_als,evaluation_row_dropout,direct,light,knn,0.6448683666666667
cross,hd_to_als,evaluation_row_dropout,direct,light,lgbm,0.6122399333333333
cross,hd_to_als,evaluation_row_dropout,direct,light,qda,0.8871139333333333
cross,hd_to_als,evaluation_row_dropout,direct,light,rf,0.6122935333333334
cross,hd_to_als,evaluation_row_dropout,direct,light,svm,0.7331302
cross,hd_to_als,evaluation_row_dropout,direct,light,xgb,0.6121254
cross,hd_to_als,evaluation_row_dropout,direct,medium,dt,0.6120790666666667
cross,hd_to_als,evaluation_row_dropout,direct,medium,knn,0.6446591
cross,hd_to_als,evaluation_row_dropout,direct,medium,lgbm,0.6115837333333333
cross,hd_to_als,evaluation_row_dropout,direct,medium,qda,0.8866937
cross,hd_to_als,evaluation_row_dropout,direct,medium,rf,0.6113685
cross,hd_to_als,evaluation_row_dropout,direct,medium,svm,0.7310953666666665
cross,hd_to_als,evaluation_row_dropout,direct,medium,xgb,0.6098888666666666
cross,hd_to_als,gaussian_feature_space_jitter,pooled_relative,heavy,dt,0.6384507000000001
cross,hd_to_als,gaussian_feature_space_jitter,pooled_relative,heavy,knn,0.6225625
cross,hd_to_als,gaussian_feature_space_jitter,pooled_relative,heavy,lgbm,0.6387698999999999
cross,hd_to_als,gaussian_feature_space_jitter,pooled_relative,heavy,qda,0.356165
cross,hd_to_als,gaussian_feature_space_jitter,pooled_relative,heavy,rf,0.6597851333333333
cross,hd_to_als,gaussian_feature_space_jitter,pooled_relative,heavy,svm,0.6318673666666668
cross,hd_to_als,gaussian_feature_space_jitter,pooled_relative,heavy,xgb,0.6406302333333334
cross,hd_to_als,gaussian_feature_space_jitter,pooled_relative,light,dt,0.6820710333333332
cross,hd_to_als,gaussian_feature_space_jitter,pooled_relative,light,knn,0.6492577333333334
cross,hd_to_als,gaussian_feature_space_jitter,pooled_relative,light,lgbm,0.6814362666666668
cross,hd_to_als,gaussian_feature_space_jitter,pooled_relative,light,qda,0.5928717333333334
cross,hd_to_als,gaussian_feature_space_jitter,pooled_relative,light,rf,0.6811587666666666
cross,hd_to_als,gaussian_feature_space_jitter,pooled_relative,light,svm,0.7088000999999999
cross,hd_to_als,gaussian_feature_space_jitter,pooled_relative,light,xgb,0.6814799
cross,hd_to_als,gaussian_feature_space_jitter,pooled_relative,medium,dt,0.6761512
cross,hd_to_als,gaussian_feature_space_jitter,pooled_relative,medium,knn,0.6474016999999999
cross,hd_to_als,gaussian_feature_space_jitter,pooled_relative,medium,lgbm,0.6755806333333332
cross,hd_to_als,gaussian_feature_space_jitter,pooled_relative,medium,qda,0.3691311333333333
cross,hd_to_als,gaussian_feature_space_jitter,pooled_relative,medium,rf,0.684266533333333
cross,hd_to_als,gaussian_feature_space_jitter,pooled_relative,medium,svm,0.6672965666666666
cross,hd_to_als,gaussian_feature_space_jitter,pooled_relative,medium,xgb,0.6749856666666667
cross,hd_to_als,gaussian_feature_space_jitter,source_relative,heavy,dt,0.6312920666666666
cross,hd_to_als,gaussian_feature_space_jitter,source_relative,heavy,knn,0.6251511
cross,hd_to_als,gaussian_feature_space_jitter,source_relative,heavy,lgbm,0.6298548
cross,hd_to_als,gaussian_feature_space_jitter,source_relative,heavy,qda,0.3560625
cross,hd_to_als,gaussian_feature_space_jitter,source_relative,heavy,rf,0.6534123333333333
cross,hd_to_als,gaussian_feature_space_jitter,source_relative,heavy,svm,0.6316665333333333
cross,hd_to_als,gaussian_feature_space_jitter,source_relative,heavy,xgb,0.6324281333333333
cross,hd_to_als,gaussian_feature_space_jitter,source_relative,light,dt,0.6859027999999999
cross,hd_to_als,gaussian_feature_space_jitter,source_relative,light,knn,0.6510359666666666
cross,hd_to_als,gaussian_feature_space_jitter,source_relative,light,lgbm,0.6853468666666666
cross,hd_to_als,gaussian_feature_space_jitter,source_relative,light,qda,0.5730944999999998
cross,hd_to_als,gaussian_feature_space_jitter,source_relative,light,rf,0.6860749333333335
cross,hd_to_als,gaussian_feature_space_jitter,source_relative,light,svm,0.7038585
cross,hd_to_als,gaussian_feature_space_jitter,source_relative,light,xgb,0.6839036000000002
cross,hd_to_als,gaussian_feature_space_jitter,source_relative,medium,dt,0.6667974999999999
cross,hd_to_als,gaussian_feature_space_jitter,source_relative,medium,knn,0.6506699333333332
cross,hd_to_als,gaussian_feature_space_jitter,source_relative,medium,lgbm,0.6661361333333332
cross,hd_to_als,gaussian_feature_space_jitter,source_relative,medium,qda,0.36677163333333335
cross,hd_to_als,gaussian_feature_space_jitter,source_relative,medium,rf,0.6816578666666668
cross,hd_to_als,gaussian_feature_space_jitter,source_relative,medium,svm,0.6595747000000001
cross,hd_to_als,gaussian_feature_space_jitter,source_relative,medium,xgb,0.6680698999999998
cross,hd_to_als,gaussian_feature_space_jitter,target_relative,heavy,dt,0.6774903666666666
cross,hd_to_als,gaussian_feature_space_jitter,target_relative,heavy,knn,0.6248649
cross,hd_to_als,gaussian_feature_space_jitter,target_relative,heavy,lgbm,0.6760494333333333
cross,hd_to_als,gaussian_feature_space_jitter,target_relative,heavy,qda,0.35807426666666675
cross,hd_to_als,gaussian_feature_space_jitter,target_relative,heavy,rf,0.6828114333333334
cross,hd_to_als,gaussian_feature_space_jitter,target_relative,heavy,svm,0.6426302333333335
cross,hd_to_als,gaussian_feature_space_jitter,target_relative,heavy,xgb,0.6760245
cross,hd_to_als,gaussian_feature_space_jitter,target_relative,light,dt,0.6479242666666668
cross,hd_to_als,gaussian_feature_space_jitter,target_relative,light,knn,0.6461354
cross,hd_to_als,gaussian_feature_space_jitter,target_relative,light,lgbm,0.6479496
cross,hd_to_als,gaussian_feature_space_jitter,target_relative,light,qda,0.6710647666666667
cross,hd_to_als,gaussian_feature_space_jitter,target_relative,light,rf,0.6483265666666667
cross,hd_to_als,gaussian_feature_space_jitter,target_relative,light,svm,0.7261044666666667
cross,hd_to_als,gaussian_feature_space_jitter,target_relative,light,xgb,0.6482071666666667
cross,hd_to_als,gaussian_feature_space_jitter,target_relative,medium,dt,0.6849325999999999
cross,hd_to_als,gaussian_feature_space_jitter,target_relative,medium,knn,0.6461114333333333
cross,hd_to_als,gaussian_feature_space_jitter,target_relative,medium,lgbm,0.6849911999999999
cross,hd_to_als,gaussian_feature_space_jitter,target_relative,medium,qda,0.3915347
cross,hd_to_als,gaussian_feature_space_jitter,target_relative,medium,rf,0.6855868666666667
cross,hd_to_als,gaussian_feature_space_jitter,target_relative,medium,svm,0.6904139
cross,hd_to_als,gaussian_feature_space_jitter,target_relative,medium,xgb,0.6861752
cross,hd_to_pd,benchmark_label_corruption,direct,heavy,dt,0.6262205333333334
cross,hd_to_pd,benchmark_label_corruption,direct,heavy,knn,0.5418310333333333
cross,hd_to_pd,benchmark_label_corruption,direct,heavy,lgbm,0.6259392333333335
cross,hd_to_pd,benchmark_label_corruption,direct,heavy,qda,0.6914417666666669
cross,hd_to_pd,benchmark_label_corruption,direct,heavy,rf,0.6246914666666666
cross,hd_to_pd,benchmark_label_corruption,direct,heavy,svm,0.5724559333333333
cross,hd_to_pd,benchmark_label_corruption,direct,heavy,xgb,0.6262502333333334
cross,hd_to_pd,benchmark_label_corruption,direct,light,dt,0.7161273666666668
cross,hd_to_pd,benchmark_label_corruption,direct,light,knn,0.5886565000000001
cross,hd_to_pd,benchmark_label_corruption,direct,light,lgbm,0.7165335
cross,hd_to_pd,benchmark_label_corruption,direct,light,qda,0.7945635000000001
cross,hd_to_pd,benchmark_label_corruption,direct,light,rf,0.7160352
cross,hd_to_pd,benchmark_label_corruption,direct,light,svm,0.6112730666666667
cross,hd_to_pd,benchmark_label_corruption,direct,light,xgb,0.7167317333333333
cross,hd_to_pd,benchmark_label_corruption,direct,medium,dt,0.6843348333333332
cross,hd_to_pd,benchmark_label_corruption,direct,medium,knn,0.5733948333333333
cross,hd_to_pd,benchmark_label_corruption,direct,medium,lgbm,0.6853861666666664
cross,hd_to_pd,benchmark_label_corruption,direct,medium,qda,0.7581724333333334
cross,hd_to_pd,benchmark_label_corruption,direct,medium,rf,0.6849104999999999
cross,hd_to_pd,benchmark_label_corruption,direct,medium,svm,0.5989455666666667
cross,hd_to_pd,benchmark_label_corruption,direct,medium,xgb,0.6848626
cross,hd_to_pd,engineered_feature_gain_bias_drift,pooled_relative,heavy,dt,0.6937371999999998
cross,hd_to_pd,engineered_feature_gain_bias_drift,pooled_relative,heavy,knn,0.6002673000000001
cross,hd_to_pd,engineered_feature_gain_bias_drift,pooled_relative,heavy,lgbm,0.6936138666666666
cross,hd_to_pd,engineered_feature_gain_bias_drift,pooled_relative,heavy,qda,0.3929358000000001
cross,hd_to_pd,engineered_feature_gain_bias_drift,pooled_relative,heavy,rf,0.7228143000000001
cross,hd_to_pd,engineered_feature_gain_bias_drift,pooled_relative,heavy,svm,0.5701297666666666
cross,hd_to_pd,engineered_feature_gain_bias_drift,pooled_relative,heavy,xgb,0.6593772
cross,hd_to_pd,engineered_feature_gain_bias_drift,pooled_relative,light,dt,0.7793658666666669
cross,hd_to_pd,engineered_feature_gain_bias_drift,pooled_relative,light,knn,0.5994254333333333
cross,hd_to_pd,engineered_feature_gain_bias_drift,pooled_relative,light,lgbm,0.7786520666666666
cross,hd_to_pd,engineered_feature_gain_bias_drift,pooled_relative,light,qda,0.5342166333333332
cross,hd_to_pd,engineered_feature_gain_bias_drift,pooled_relative,light,rf,0.7923603
cross,hd_to_pd,engineered_feature_gain_bias_drift,pooled_relative,light,svm,0.6333821333333332
cross,hd_to_pd,engineered_feature_gain_bias_drift,pooled_relative,light,xgb,0.7789940999999999
cross,hd_to_pd,engineered_feature_gain_bias_drift,pooled_relative,medium,dt,0.771966
cross,hd_to_pd,engineered_feature_gain_bias_drift,pooled_relative,medium,knn,0.6058644
cross,hd_to_pd,engineered_feature_gain_bias_drift,pooled_relative,medium,lgbm,0.7517385333333333
cross,hd_to_pd,engineered_feature_gain_bias_drift,pooled_relative,medium,qda,0.4054716666666668
cross,hd_to_pd,engineered_feature_gain_bias_drift,pooled_relative,medium,rf,0.7877730666666667
cross,hd_to_pd,engineered_feature_gain_bias_drift,pooled_relative,medium,svm,0.6230885333333335
cross,hd_to_pd,engineered_feature_gain_bias_drift,pooled_relative,medium,xgb,0.7744101000000001
cross,hd_to_pd,engineered_feature_gain_bias_drift,source_relative,heavy,dt,0.6752654333333333
cross,hd_to_pd,engineered_feature_gain_bias_drift,source_relative,heavy,knn,0.5971763
cross,hd_to_pd,engineered_feature_gain_bias_drift,source_relative,heavy,lgbm,0.6959664999999998
cross,hd_to_pd,engineered_feature_gain_bias_drift,source_relative,heavy,qda,0.3933180000000001
cross,hd_to_pd,engineered_feature_gain_bias_drift,source_relative,heavy,rf,0.7309731999999999
cross,hd_to_pd,engineered_feature_gain_bias_drift,source_relative,heavy,svm,0.5619685000000001
cross,hd_to_pd,engineered_feature_gain_bias_drift,source_relative,heavy,xgb,0.7094992999999999
cross,hd_to_pd,engineered_feature_gain_bias_drift,source_relative,light,dt,0.7742462666666666
cross,hd_to_pd,engineered_feature_gain_bias_drift,source_relative,light,knn,0.6102496666666667
cross,hd_to_pd,engineered_feature_gain_bias_drift,source_relative,light,lgbm,0.7823442333333334
cross,hd_to_pd,engineered_feature_gain_bias_drift,source_relative,light,qda,0.5264579333333333
cross,hd_to_pd,engineered_feature_gain_bias_drift,source_relative,light,rf,0.7904414333333334
cross,hd_to_pd,engineered_feature_gain_bias_drift,source_relative,light,svm,0.6138697333333333
cross,hd_to_pd,engineered_feature_gain_bias_drift,source_relative,light,xgb,0.7517925666666668
cross,hd_to_pd,engineered_feature_gain_bias_drift,source_relative,medium,dt,0.7754653333333332
cross,hd_to_pd,engineered_feature_gain_bias_drift,source_relative,medium,knn,0.6032447666666667
cross,hd_to_pd,engineered_feature_gain_bias_drift,source_relative,medium,lgbm,0.7284711666666666
cross,hd_to_pd,engineered_feature_gain_bias_drift,source_relative,medium,qda,0.39690656666666685
cross,hd_to_pd,engineered_feature_gain_bias_drift,source_relative,medium,rf,0.7671592333333334
cross,hd_to_pd,engineered_feature_gain_bias_drift,source_relative,medium,svm,0.6015307333333334
cross,hd_to_pd,engineered_feature_gain_bias_drift,source_relative,medium,xgb,0.7404756666666665
cross,hd_to_pd,engineered_feature_gain_bias_drift,target_relative,heavy,dt,0.7564441666666668
cross,hd_to_pd,engineered_feature_gain_bias_drift,target_relative,heavy,knn,0.5949183
cross,hd_to_pd,engineered_feature_gain_bias_drift,target_relative,heavy,lgbm,0.7635771999999998
cross,hd_to_pd,engineered_feature_gain_bias_drift,target_relative,heavy,qda,0.39366893333333347
cross,hd_to_pd,engineered_feature_gain_bias_drift,target_relative,heavy,rf,0.7756696000000001
cross,hd_to_pd,engineered_feature_gain_bias_drift,target_relative,heavy,svm,0.5532523333333333
cross,hd_to_pd,engineered_feature_gain_bias_drift,target_relative,heavy,xgb,0.7797955666666669
cross,hd_to_pd,engineered_feature_gain_bias_drift,target_relative,light,dt,0.7820203333333334
cross,hd_to_pd,engineered_feature_gain_bias_drift,target_relative,light,knn,0.6001489666666667
cross,hd_to_pd,engineered_feature_gain_bias_drift,target_relative,light,lgbm,0.7643073
cross,hd_to_pd,engineered_feature_gain_bias_drift,target_relative,light,qda,0.5775832666666667
cross,hd_to_pd,engineered_feature_gain_bias_drift,target_relative,light,rf,0.7561244333333335
cross,hd_to_pd,engineered_feature_gain_bias_drift,target_relative,light,svm,0.6247501000000001
cross,hd_to_pd,engineered_feature_gain_bias_drift,target_relative,light,xgb,0.7736479333333334
cross,hd_to_pd,engineered_feature_gain_bias_drift,target_relative,medium,dt,0.7755511
cross,hd_to_pd,engineered_feature_gain_bias_drift,target_relative,medium,knn,0.6028448666666667
cross,hd_to_pd,engineered_feature_gain_bias_drift,target_relative,medium,lgbm,0.7675889666666666
cross,hd_to_pd,engineered_feature_gain_bias_drift,target_relative,medium,qda,0.41562796666666674
cross,hd_to_pd,engineered_feature_gain_bias_drift,target_relative,medium,rf,0.7947262666666666
cross,hd_to_pd,engineered_feature_gain_bias_drift,target_relative,medium,svm,0.6167557666666668
cross,hd_to_pd,engineered_feature_gain_bias_drift,target_relative,medium,xgb,0.7727754666666669
cross,hd_to_pd,engineered_feature_masking,direct,heavy,dt,0.7474500000000002
cross,hd_to_pd,engineered_feature_masking,direct,heavy,knn,0.5596916000000002
cross,hd_to_pd,engineered_feature_masking,direct,heavy,lgbm,0.7474500000000002
cross,hd_to_pd,engineered_feature_masking,direct,heavy,qda,0.7439942333333333
cross,hd_to_pd,engineered_feature_masking,direct,heavy,rf,0.7474500000000002
cross,hd_to_pd,engineered_feature_masking,direct,heavy,svm,0.5904241666666667
cross,hd_to_pd,engineered_feature_masking,direct,heavy,xgb,0.7474500000000002
cross,hd_to_pd,engineered_feature_masking,direct,light,dt,0.7474500000000002
cross,hd_to_pd,engineered_feature_masking,direct,light,knn,0.5979816
cross,hd_to_pd,engineered_feature_masking,direct,light,lgbm,0.7474500000000002
cross,hd_to_pd,engineered_feature_masking,direct,light,qda,0.8174863666666666
cross,hd_to_pd,engineered_feature_masking,direct,light,rf,0.7474500000000002
cross,hd_to_pd,engineered_feature_masking,direct,light,svm,0.6197994
cross,hd_to_pd,engineered_feature_masking,direct,light,xgb,0.7474500000000002
cross,hd_to_pd,engineered_feature_masking,direct,medium,dt,0.7474500000000002
cross,hd_to_pd,engineered_feature_masking,direct,medium,knn,0.5844096666666666
cross,hd_to_pd,engineered_feature_masking,direct,medium,lgbm,0.7474500000000002
cross,hd_to_pd,engineered_feature_masking,direct,medium,qda,0.7887196333333333
cross,hd_to_pd,engineered_feature_masking,direct,medium,rf,0.7474500000000002
cross,hd_to_pd,engineered_feature_masking,direct,medium,svm,0.6101861000000001
cross,hd_to_pd,engineered_feature_masking,direct,medium,xgb,0.7474500000000002
cross,hd_to_pd,evaluation_row_dropout,direct,heavy,dt,0.7483289999999999
cross,hd_to_pd,evaluation_row_dropout,direct,heavy,knn,0.6035086
cross,hd_to_pd,evaluation_row_dropout,direct,heavy,lgbm,0.7470029666666665
cross,hd_to_pd,evaluation_row_dropout,direct,heavy,qda,0.8294893666666667
cross,hd_to_pd,evaluation_row_dropout,direct,heavy,rf,0.7474229666666667
cross,hd_to_pd,evaluation_row_dropout,direct,heavy,svm,0.6249614666666666
cross,hd_to_pd,evaluation_row_dropout,direct,heavy,xgb,0.7476819333333334
cross,hd_to_pd,evaluation_row_dropout,direct,light,dt,0.7470635333333334
cross,hd_to_pd,evaluation_row_dropout,direct,light,knn,0.6040796333333334
cross,hd_to_pd,evaluation_row_dropout,direct,light,lgbm,0.7474774666666666
cross,hd_to_pd,evaluation_row_dropout,direct,light,qda,0.8297904
cross,hd_to_pd,evaluation_row_dropout,direct,light,rf,0.7474909333333334
cross,hd_to_pd,evaluation_row_dropout,direct,light,svm,0.6247363000000001
cross,hd_to_pd,evaluation_row_dropout,direct,light,xgb,0.7475799
cross,hd_to_pd,evaluation_row_dropout,direct,medium,dt,0.7474233666666666
cross,hd_to_pd,evaluation_row_dropout,direct,medium,knn,0.6050977
cross,hd_to_pd,evaluation_row_dropout,direct,medium,lgbm,0.7475877666666667
cross,hd_to_pd,evaluation_row_dropout,direct,medium,qda,0.8288087333333334
cross,hd_to_pd,evaluation_row_dropout,direct,medium,rf,0.7472289000000001
cross,hd_to_pd,evaluation_row_dropout,direct,medium,svm,0.6267119000000001
cross,hd_to_pd,evaluation_row_dropout,direct,medium,xgb,0.7471571333333332
cross,hd_to_pd,gaussian_feature_space_jitter,pooled_relative,heavy,dt,0.6207121333333333
cross,hd_to_pd,gaussian_feature_space_jitter,pooled_relative,heavy,knn,0.5977668999999999
cross,hd_to_pd,gaussian_feature_space_jitter,pooled_relative,heavy,lgbm,0.6198911666666667
cross,hd_to_pd,gaussian_feature_space_jitter,pooled_relative,heavy,qda,0.39379590000000003
cross,hd_to_pd,gaussian_feature_space_jitter,pooled_relative,heavy,rf,0.6566989666666668
cross,hd_to_pd,gaussian_feature_space_jitter,pooled_relative,heavy,svm,0.5621326333333332
cross,hd_to_pd,gaussian_feature_space_jitter,pooled_relative,heavy,xgb,0.6205304333333331
cross,hd_to_pd,gaussian_feature_space_jitter,pooled_relative,light,dt,0.7662338666666666
cross,hd_to_pd,gaussian_feature_space_jitter,pooled_relative,light,knn,0.6103040666666667
cross,hd_to_pd,gaussian_feature_space_jitter,pooled_relative,light,lgbm,0.7670270666666666
cross,hd_to_pd,gaussian_feature_space_jitter,pooled_relative,light,qda,0.6372888333333333
cross,hd_to_pd,gaussian_feature_space_jitter,pooled_relative,light,rf,0.7857967999999997
cross,hd_to_pd,gaussian_feature_space_jitter,pooled_relative,light,svm,0.6095623666666667
cross,hd_to_pd,gaussian_feature_space_jitter,pooled_relative,light,xgb,0.7649515333333334
cross,hd_to_pd,gaussian_feature_space_jitter,pooled_relative,medium,dt,0.6803087666666666
cross,hd_to_pd,gaussian_feature_space_jitter,pooled_relative,medium,knn,0.6143520333333333
cross,hd_to_pd,gaussian_feature_space_jitter,pooled_relative,medium,lgbm,0.6824613000000002
cross,hd_to_pd,gaussian_feature_space_jitter,pooled_relative,medium,qda,0.4118728
cross,hd_to_pd,gaussian_feature_space_jitter,pooled_relative,medium,rf,0.7198489666666668
cross,hd_to_pd,gaussian_feature_space_jitter,pooled_relative,medium,svm,0.583099
cross,hd_to_pd,gaussian_feature_space_jitter,pooled_relative,medium,xgb,0.6814804666666666
cross,hd_to_pd,gaussian_feature_space_jitter,source_relative,heavy,dt,0.6021750666666664
cross,hd_to_pd,gaussian_feature_space_jitter,source_relative,heavy,knn,0.5911639666666666
cross,hd_to_pd,gaussian_feature_space_jitter,source_relative,heavy,lgbm,0.6043833000000001
cross,hd_to_pd,gaussian_feature_space_jitter,source_relative,heavy,qda,0.3936446333333334
cross,hd_to_pd,gaussian_feature_space_jitter,source_relative,heavy,rf,0.6414817666666667
cross,hd_to_pd,gaussian_feature_space_jitter,source_relative,heavy,svm,0.5539699
cross,hd_to_pd,gaussian_feature_space_jitter,source_relative,heavy,xgb,0.6049500666666667
cross,hd_to_pd,gaussian_feature_space_jitter,source_relative,light,dt,0.7510324333333332
cross,hd_to_pd,gaussian_feature_space_jitter,source_relative,light,knn,0.6132755666666666
cross,hd_to_pd,gaussian_feature_space_jitter,source_relative,light,lgbm,0.7504329666666664
cross,hd_to_pd,gaussian_feature_space_jitter,source_relative,light,qda,0.5884737666666666
cross,hd_to_pd,gaussian_feature_space_jitter,source_relative,light,rf,0.7775885999999999
cross,hd_to_pd,gaussian_feature_space_jitter,source_relative,light,svm,0.6047606
cross,hd_to_pd,gaussian_feature_space_jitter,source_relative,light,xgb,0.7499337333333335
cross,hd_to_pd,gaussian_feature_space_jitter,source_relative,medium,dt,0.6596817666666667
cross,hd_to_pd,gaussian_feature_space_jitter,source_relative,medium,knn,0.6125757666666668
cross,hd_to_pd,gaussian_feature_space_jitter,source_relative,medium,lgbm,0.6568756000000001
cross,hd_to_pd,gaussian_feature_space_jitter,source_relative,medium,qda,0.4029304666666667
cross,hd_to_pd,gaussian_feature_space_jitter,source_relative,medium,rf,0.7015898333333334
cross,hd_to_pd,gaussian_feature_space_jitter,source_relative,medium,svm,0.5755480666666667
cross,hd_to_pd,gaussian_feature_space_jitter,source_relative,medium,xgb,0.6591931000000001
cross,hd_to_pd,gaussian_feature_space_jitter,target_relative,heavy,dt,0.6875216666666667
cross,hd_to_pd,gaussian_feature_space_jitter,target_relative,heavy,knn,0.6086972333333333
cross,hd_to_pd,gaussian_feature_space_jitter,target_relative,heavy,lgbm,0.6883193000000001
cross,hd_to_pd,gaussian_feature_space_jitter,target_relative,heavy,qda,0.39736703333333334
cross,hd_to_pd,gaussian_feature_space_jitter,target_relative,heavy,rf,0.7198097
cross,hd_to_pd,gaussian_feature_space_jitter,target_relative,heavy,svm,0.5851032999999999
cross,hd_to_pd,gaussian_feature_space_jitter,target_relative,heavy,xgb,0.6908019000000001
cross,hd_to_pd,gaussian_feature_space_jitter,target_relative,light,dt,0.7792681666666665
cross,hd_to_pd,gaussian_feature_space_jitter,target_relative,light,knn,0.6074240333333333
cross,hd_to_pd,gaussian_feature_space_jitter,target_relative,light,lgbm,0.7793911666666667
cross,hd_to_pd,gaussian_feature_space_jitter,target_relative,light,qda,0.7117842666666667
cross,hd_to_pd,gaussian_feature_space_jitter,target_relative,light,rf,0.7821628333333334
cross,hd_to_pd,gaussian_feature_space_jitter,target_relative,light,svm,0.6210819666666666
cross,hd_to_pd,gaussian_feature_space_jitter,target_relative,light,xgb,0.7795900333333334
cross,hd_to_pd,gaussian_feature_space_jitter,target_relative,medium,dt,0.7565380666666667
cross,hd_to_pd,gaussian_feature_space_jitter,target_relative,medium,knn,0.6112706333333333
cross,hd_to_pd,gaussian_feature_space_jitter,target_relative,medium,lgbm,0.7546907666666667
cross,hd_to_pd,gaussian_feature_space_jitter,target_relative,medium,qda,0.4465601
cross,hd_to_pd,gaussian_feature_space_jitter,target_relative,medium,rf,0.7802217333333334
cross,hd_to_pd,gaussian_feature_space_jitter,target_relative,medium,svm,0.6063611333333333
cross,hd_to_pd,gaussian_feature_space_jitter,target_relative,medium,xgb,0.7544561000000001
cross,pd_to_als,benchmark_label_corruption,direct,heavy,dt,0.5995178
cross,pd_to_als,benchmark_label_corruption,direct,heavy,knn,0.6636660333333334
cross,pd_to_als,benchmark_label_corruption,direct,heavy,lgbm,0.6242160000000001
cross,pd_to_als,benchmark_label_corruption,direct,heavy,qda,0.7366427999999999
cross,pd_to_als,benchmark_label_corruption,direct,heavy,rf,0.6022532333333335
cross,pd_to_als,benchmark_label_corruption,direct,heavy,svm,0.7107025333333332
cross,pd_to_als,benchmark_label_corruption,direct,heavy,xgb,0.6277745666666665
cross,pd_to_als,benchmark_label_corruption,direct,light,dt,0.6512755000000001
cross,pd_to_als,benchmark_label_corruption,direct,light,knn,0.7562485333333332
cross,pd_to_als,benchmark_label_corruption,direct,light,lgbm,0.6902401
cross,pd_to_als,benchmark_label_corruption,direct,light,qda,0.8613627666666666
cross,pd_to_als,benchmark_label_corruption,direct,light,rf,0.6533735333333334
cross,pd_to_als,benchmark_label_corruption,direct,light,svm,0.8204607
cross,pd_to_als,benchmark_label_corruption,direct,light,xgb,0.6935785666666666
cross,pd_to_als,benchmark_label_corruption,direct,medium,dt,0.6336248666666665
cross,pd_to_als,benchmark_label_corruption,direct,medium,knn,0.7246141666666668
cross,pd_to_als,benchmark_label_corruption,direct,medium,lgbm,0.6690979333333333
cross,pd_to_als,benchmark_label_corruption,direct,medium,qda,0.8222011000000001
cross,pd_to_als,benchmark_label_corruption,direct,medium,rf,0.6362786666666668
cross,pd_to_als,benchmark_label_corruption,direct,medium,svm,0.7856168333333333
cross,pd_to_als,benchmark_label_corruption,direct,medium,xgb,0.6716036666666666
cross,pd_to_als,engineered_feature_gain_bias_drift,pooled_relative,heavy,dt,0.6863566333333335
cross,pd_to_als,engineered_feature_gain_bias_drift,pooled_relative,heavy,knn,0.7539617333333332
cross,pd_to_als,engineered_feature_gain_bias_drift,pooled_relative,heavy,lgbm,0.7280172000000001
cross,pd_to_als,engineered_feature_gain_bias_drift,pooled_relative,heavy,qda,0.6760100333333333
cross,pd_to_als,engineered_feature_gain_bias_drift,pooled_relative,heavy,rf,0.6963613333333335
cross,pd_to_als,engineered_feature_gain_bias_drift,pooled_relative,heavy,svm,0.8265879333333331
cross,pd_to_als,engineered_feature_gain_bias_drift,pooled_relative,heavy,xgb,0.7656995333333334
cross,pd_to_als,engineered_feature_gain_bias_drift,pooled_relative,light,dt,0.6500195666666666
cross,pd_to_als,engineered_feature_gain_bias_drift,pooled_relative,light,knn,0.7901007666666666
cross,pd_to_als,engineered_feature_gain_bias_drift,pooled_relative,light,lgbm,0.7045360666666667
cross,pd_to_als,engineered_feature_gain_bias_drift,pooled_relative,light,qda,0.8840563666666665
cross,pd_to_als,engineered_feature_gain_bias_drift,pooled_relative,light,rf,0.6653480333333331
cross,pd_to_als,engineered_feature_gain_bias_drift,pooled_relative,light,svm,0.8509613333333333
cross,pd_to_als,engineered_feature_gain_bias_drift,pooled_relative,light,xgb,0.7460706666666667
cross,pd_to_als,engineered_feature_gain_bias_drift,pooled_relative,medium,dt,0.6641977333333332
cross,pd_to_als,engineered_feature_gain_bias_drift,pooled_relative,medium,knn,0.7743019
cross,pd_to_als,engineered_feature_gain_bias_drift,pooled_relative,medium,lgbm,0.7034754333333333
cross,pd_to_als,engineered_feature_gain_bias_drift,pooled_relative,medium,qda,0.8452752333333333
cross,pd_to_als,engineered_feature_gain_bias_drift,pooled_relative,medium,rf,0.6928179666666666
cross,pd_to_als,engineered_feature_gain_bias_drift,pooled_relative,medium,svm,0.8419957
cross,pd_to_als,engineered_feature_gain_bias_drift,pooled_relative,medium,xgb,0.7507409666666668
cross,pd_to_als,engineered_feature_gain_bias_drift,source_relative,heavy,dt,0.6766107666666668
cross,pd_to_als,engineered_feature_gain_bias_drift,source_relative,heavy,knn,0.7589336
cross,pd_to_als,engineered_feature_gain_bias_drift,source_relative,heavy,lgbm,0.7248953333333333
cross,pd_to_als,engineered_feature_gain_bias_drift,source_relative,heavy,qda,0.6890109
cross,pd_to_als,engineered_feature_gain_bias_drift,source_relative,heavy,rf,0.6939417999999999
cross,pd_to_als,engineered_feature_gain_bias_drift,source_relative,heavy,svm,0.8027740333333333
cross,pd_to_als,engineered_feature_gain_bias_drift,source_relative,heavy,xgb,0.7552828333333335
cross,pd_to_als,engineered_feature_gain_bias_drift,source_relative,light,dt,0.6636218
cross,pd_to_als,engineered_feature_gain_bias_drift,source_relative,light,knn,0.7937541333333333
cross,pd_to_als,engineered_feature_gain_bias_drift,source_relative,light,lgbm,0.6998358666666669
cross,pd_to_als,engineered_feature_gain_bias_drift,source_relative,light,qda,0.8923413666666665
cross,pd_to_als,engineered_feature_gain_bias_drift,source_relative,light,rf,0.6643196000000001
cross,pd_to_als,engineered_feature_gain_bias_drift,source_relative,light,svm,0.8554314000000001
cross,pd_to_als,engineered_feature_gain_bias_drift,source_relative,light,xgb,0.7399701000000002
cross,pd_to_als,engineered_feature_gain_bias_drift,source_relative,medium,dt,0.6859155999999998
cross,pd_to_als,engineered_feature_gain_bias_drift,source_relative,medium,knn,0.7902421999999999
cross,pd_to_als,engineered_feature_gain_bias_drift,source_relative,medium,lgbm,0.7097294333333334
cross,pd_to_als,engineered_feature_gain_bias_drift,source_relative,medium,qda,0.8389371
cross,pd_to_als,engineered_feature_gain_bias_drift,source_relative,medium,rf,0.6881507333333333
cross,pd_to_als,engineered_feature_gain_bias_drift,source_relative,medium,svm,0.8352233000000001
cross,pd_to_als,engineered_feature_gain_bias_drift,source_relative,medium,xgb,0.7495895333333333
cross,pd_to_als,engineered_feature_gain_bias_drift,target_relative,heavy,dt,0.6787993333333334
cross,pd_to_als,engineered_feature_gain_bias_drift,target_relative,heavy,knn,0.7419436333333334
cross,pd_to_als,engineered_feature_gain_bias_drift,target_relative,heavy,lgbm,0.7058579333333334
cross,pd_to_als,engineered_feature_gain_bias_drift,target_relative,heavy,qda,0.6806903000000001
cross,pd_to_als,engineered_feature_gain_bias_drift,target_relative,heavy,rf,0.7115043
cross,pd_to_als,engineered_feature_gain_bias_drift,target_relative,heavy,svm,0.8167604
cross,pd_to_als,engineered_feature_gain_bias_drift,target_relative,heavy,xgb,0.7369898333333335
cross,pd_to_als,engineered_feature_gain_bias_drift,target_relative,light,dt,0.6537581333333334
cross,pd_to_als,engineered_feature_gain_bias_drift,target_relative,light,knn,0.7873863666666666
cross,pd_to_als,engineered_feature_gain_bias_drift,target_relative,light,lgbm,0.7100736
cross,pd_to_als,engineered_feature_gain_bias_drift,target_relative,light,qda,0.8897369666666669
cross,pd_to_als,engineered_feature_gain_bias_drift,target_relative,light,rf,0.6718374666666667
cross,pd_to_als,engineered_feature_gain_bias_drift,target_relative,light,svm,0.8526947000000002
cross,pd_to_als,engineered_feature_gain_bias_drift,target_relative,light,xgb,0.7430926999999999
cross,pd_to_als,engineered_feature_gain_bias_drift,target_relative,medium,dt,0.6772138666666667
cross,pd_to_als,engineered_feature_gain_bias_drift,target_relative,medium,knn,0.776522
cross,pd_to_als,engineered_feature_gain_bias_drift,target_relative,medium,lgbm,0.7249049666666666
cross,pd_to_als,engineered_feature_gain_bias_drift,target_relative,medium,qda,0.8413054666666666
cross,pd_to_als,engineered_feature_gain_bias_drift,target_relative,medium,rf,0.6642315666666667
cross,pd_to_als,engineered_feature_gain_bias_drift,target_relative,medium,svm,0.8406861000000002
cross,pd_to_als,engineered_feature_gain_bias_drift,target_relative,medium,xgb,0.7407198333333331
cross,pd_to_als,engineered_feature_masking,direct,heavy,dt,0.6695386666666665
cross,pd_to_als,engineered_feature_masking,direct,heavy,knn,0.8038224666666667
cross,pd_to_als,engineered_feature_masking,direct,heavy,lgbm,0.7046256333333333
cross,pd_to_als,engineered_feature_masking,direct,heavy,qda,0.7805976
cross,pd_to_als,engineered_feature_masking,direct,heavy,rf,0.6714598333333333
cross,pd_to_als,engineered_feature_masking,direct,heavy,svm,0.8373804
cross,pd_to_als,engineered_feature_masking,direct,heavy,xgb,0.7070337333333334
cross,pd_to_als,engineered_feature_masking,direct,light,dt,0.6693475999999998
cross,pd_to_als,engineered_feature_masking,direct,light,knn,0.7901895666666667
cross,pd_to_als,engineered_feature_masking,direct,light,lgbm,0.7111332333333334
cross,pd_to_als,engineered_feature_masking,direct,light,qda,0.8836574000000001
cross,pd_to_als,engineered_feature_masking,direct,light,rf,0.6714746666666666
cross,pd_to_als,engineered_feature_masking,direct,light,svm,0.8566883
cross,pd_to_als,engineered_feature_masking,direct,light,xgb,0.7145568333333334
cross,pd_to_als,engineered_feature_masking,direct,medium,dt,0.6694691999999999
cross,pd_to_als,engineered_feature_masking,direct,medium,knn,0.7952192666666665
cross,pd_to_als,engineered_feature_masking,direct,medium,lgbm,0.7091253666666666
cross,pd_to_als,engineered_feature_masking,direct,medium,qda,0.8452750333333334
cross,pd_to_als,engineered_feature_masking,direct,medium,rf,0.6713828666666666
cross,pd_to_als,engineered_feature_masking,direct,medium,svm,0.8499709333333332
cross,pd_to_als,engineered_feature_masking,direct,medium,xgb,0.7120524
cross,pd_to_als,evaluation_row_dropout,direct,heavy,dt,0.6682138666666666
cross,pd_to_als,evaluation_row_dropout,direct,heavy,knn,0.7856005333333334
cross,pd_to_als,evaluation_row_dropout,direct,heavy,lgbm,0.7123399333333335
cross,pd_to_als,evaluation_row_dropout,direct,heavy,qda,0.9028652
cross,pd_to_als,evaluation_row_dropout,direct,heavy,rf,0.6717578333333333
cross,pd_to_als,evaluation_row_dropout,direct,heavy,svm,0.8601595999999999
cross,pd_to_als,evaluation_row_dropout,direct,heavy,xgb,0.7172282333333335
cross,pd_to_als,evaluation_row_dropout,direct,light,dt,0.6689239
cross,pd_to_als,evaluation_row_dropout,direct,light,knn,0.7878052333333333
cross,pd_to_als,evaluation_row_dropout,direct,light,lgbm,0.7117630333333334
cross,pd_to_als,evaluation_row_dropout,direct,light,qda,0.9024485999999998
cross,pd_to_als,evaluation_row_dropout,direct,light,rf,0.6702442333333333
cross,pd_to_als,evaluation_row_dropout,direct,light,svm,0.8585370333333333
cross,pd_to_als,evaluation_row_dropout,direct,light,xgb,0.7160608666666667
cross,pd_to_als,evaluation_row_dropout,direct,medium,dt,0.6694360666666667
cross,pd_to_als,evaluation_row_dropout,direct,medium,knn,0.7874179333333333
cross,pd_to_als,evaluation_row_dropout,direct,medium,lgbm,0.7107003
cross,pd_to_als,evaluation_row_dropout,direct,medium,qda,0.9035961333333333
cross,pd_to_als,evaluation_row_dropout,direct,medium,rf,0.6714938333333332
cross,pd_to_als,evaluation_row_dropout,direct,medium,svm,0.8588499333333331
cross,pd_to_als,evaluation_row_dropout,direct,medium,xgb,0.7165352666666668
cross,pd_to_als,gaussian_feature_space_jitter,pooled_relative,heavy,dt,0.6671099999999998
cross,pd_to_als,gaussian_feature_space_jitter,pooled_relative,heavy,knn,0.7455604000000001
cross,pd_to_als,gaussian_feature_space_jitter,pooled_relative,heavy,lgbm,0.7068770333333333
cross,pd_to_als,gaussian_feature_space_jitter,pooled_relative,heavy,qda,0.6533680333333334
cross,pd_to_als,gaussian_feature_space_jitter,pooled_relative,heavy,rf,0.6974097333333334
cross,pd_to_als,gaussian_feature_space_jitter,pooled_relative,heavy,svm,0.7865930333333334
cross,pd_to_als,gaussian_feature_space_jitter,pooled_relative,heavy,xgb,0.7284278000000002
cross,pd_to_als,gaussian_feature_space_jitter,pooled_relative,light,dt,0.6642852333333333
cross,pd_to_als,gaussian_feature_space_jitter,pooled_relative,light,knn,0.7942876999999999
cross,pd_to_als,gaussian_feature_space_jitter,pooled_relative,light,lgbm,0.7076057666666666
cross,pd_to_als,gaussian_feature_space_jitter,pooled_relative,light,qda,0.8875930333333334
cross,pd_to_als,gaussian_feature_space_jitter,pooled_relative,light,rf,0.6801188666666668
cross,pd_to_als,gaussian_feature_space_jitter,pooled_relative,light,svm,0.8496241000000001
cross,pd_to_als,gaussian_feature_space_jitter,pooled_relative,light,xgb,0.7368115666666666
cross,pd_to_als,gaussian_feature_space_jitter,pooled_relative,medium,dt,0.6835169666666666
cross,pd_to_als,gaussian_feature_space_jitter,pooled_relative,medium,knn,0.7875780000000001
cross,pd_to_als,gaussian_feature_space_jitter,pooled_relative,medium,lgbm,0.7251759999999999
cross,pd_to_als,gaussian_feature_space_jitter,pooled_relative,medium,qda,0.8236769333333334
cross,pd_to_als,gaussian_feature_space_jitter,pooled_relative,medium,rf,0.7072647
cross,pd_to_als,gaussian_feature_space_jitter,pooled_relative,medium,svm,0.8249918666666668
cross,pd_to_als,gaussian_feature_space_jitter,pooled_relative,medium,xgb,0.7475999666666666
cross,pd_to_als,gaussian_feature_space_jitter,source_relative,heavy,dt,0.6734001
cross,pd_to_als,gaussian_feature_space_jitter,source_relative,heavy,knn,0.761714
cross,pd_to_als,gaussian_feature_space_jitter,source_relative,heavy,lgbm,0.7132846333333334
cross,pd_to_als,gaussian_feature_space_jitter,source_relative,heavy,qda,0.6881669000000001
cross,pd_to_als,gaussian_feature_space_jitter,source_relative,heavy,rf,0.6994430333333334
cross,pd_to_als,gaussian_feature_space_jitter,source_relative,heavy,svm,0.7893149333333336
cross,pd_to_als,gaussian_feature_space_jitter,source_relative,heavy,xgb,0.7298259
cross,pd_to_als,gaussian_feature_space_jitter,source_relative,light,dt,0.6640117666666667
cross,pd_to_als,gaussian_feature_space_jitter,source_relative,light,knn,0.7941053666666666
cross,pd_to_als,gaussian_feature_space_jitter,source_relative,light,lgbm,0.7074167
cross,pd_to_als,gaussian_feature_space_jitter,source_relative,light,qda,0.8888698
cross,pd_to_als,gaussian_feature_space_jitter,source_relative,light,rf,0.6810171
cross,pd_to_als,gaussian_feature_space_jitter,source_relative,light,svm,0.8485640666666667
cross,pd_to_als,gaussian_feature_space_jitter,source_relative,light,xgb,0.7358655666666666
cross,pd_to_als,gaussian_feature_space_jitter,source_relative,medium,dt,0.6859254666666667
cross,pd_to_als,gaussian_feature_space_jitter,source_relative,medium,knn,0.7924863666666668
cross,pd_to_als,gaussian_feature_space_jitter,source_relative,medium,lgbm,0.7236114333333334
cross,pd_to_als,gaussian_feature_space_jitter,source_relative,medium,qda,0.8352309666666666
cross,pd_to_als,gaussian_feature_space_jitter,source_relative,medium,rf,0.7088801333333336
cross,pd_to_als,gaussian_feature_space_jitter,source_relative,medium,svm,0.8250616333333334
cross,pd_to_als,gaussian_feature_space_jitter,source_relative,medium,xgb,0.7437778333333331
cross,pd_to_als,gaussian_feature_space_jitter,target_relative,heavy,dt,0.6606035333333333
cross,pd_to_als,gaussian_feature_space_jitter,target_relative,heavy,knn,0.7378816666666665
cross,pd_to_als,gaussian_feature_space_jitter,target_relative,heavy,lgbm,0.7059776333333334
cross,pd_to_als,gaussian_feature_space_jitter,target_relative,heavy,qda,0.6354717666666666
cross,pd_to_als,gaussian_feature_space_jitter,target_relative,heavy,rf,0.6943741666666666
cross,pd_to_als,gaussian_feature_space_jitter,target_relative,heavy,svm,0.7884323666666666
cross,pd_to_als,gaussian_feature_space_jitter,target_relative,heavy,xgb,0.7230385666666668
cross,pd_to_als,gaussian_feature_space_jitter,target_relative,light,dt,0.6650021666666668
cross,pd_to_als,gaussian_feature_space_jitter,target_relative,light,knn,0.7962781666666667
cross,pd_to_als,gaussian_feature_space_jitter,target_relative,light,lgbm,0.7070793
cross,pd_to_als,gaussian_feature_space_jitter,target_relative,light,qda,0.8864392999999998
cross,pd_to_als,gaussian_feature_space_jitter,target_relative,light,rf,0.6805494666666667
cross,pd_to_als,gaussian_feature_space_jitter,target_relative,light,svm,0.8491002333333334
cross,pd_to_als,gaussian_feature_space_jitter,target_relative,light,xgb,0.7380268666666668
cross,pd_to_als,gaussian_feature_space_jitter,target_relative,medium,dt,0.6822236333333332
cross,pd_to_als,gaussian_feature_space_jitter,target_relative,medium,knn,0.7815565
cross,pd_to_als,gaussian_feature_space_jitter,target_relative,medium,lgbm,0.7249292666666668
cross,pd_to_als,gaussian_feature_space_jitter,target_relative,medium,qda,0.8157461
cross,pd_to_als,gaussian_feature_space_jitter,target_relative,medium,rf,0.7079180666666666
cross,pd_to_als,gaussian_feature_space_jitter,target_relative,medium,svm,0.8230651333333332
cross,pd_to_als,gaussian_feature_space_jitter,target_relative,medium,xgb,0.7505370333333334
cross,pd_to_hd,benchmark_label_corruption,direct,heavy,dt,0.6597925666666667
cross,pd_to_hd,benchmark_label_corruption,direct,heavy,knn,0.6365052666666667
cross,pd_to_hd,benchmark_label_corruption,direct,heavy,lgbm,0.6595439000000002
cross,pd_to_hd,benchmark_label_corruption,direct,heavy,qda,0.6970875000000002
cross,pd_to_hd,benchmark_label_corruption,direct,heavy,rf,0.6581492
cross,pd_to_hd,benchmark_label_corruption,direct,heavy,svm,0.6690128333333333
cross,pd_to_hd,benchmark_label_corruption,direct,heavy,xgb,0.6596686666666667
cross,pd_to_hd,benchmark_label_corruption,direct,light,dt,0.7696220000000001
cross,pd_to_hd,benchmark_label_corruption,direct,light,knn,0.7291820999999999
cross,pd_to_hd,benchmark_label_corruption,direct,light,lgbm,0.7689066
cross,pd_to_hd,benchmark_label_corruption,direct,light,qda,0.8123416666666665
cross,pd_to_hd,benchmark_label_corruption,direct,light,rf,0.7669212666666667
cross,pd_to_hd,benchmark_label_corruption,direct,light,svm,0.7700078333333332
cross,pd_to_hd,benchmark_label_corruption,direct,light,xgb,0.7699119000000001
cross,pd_to_hd,benchmark_label_corruption,direct,medium,dt,0.7318323666666668
cross,pd_to_hd,benchmark_label_corruption,direct,medium,knn,0.6976453666666668
cross,pd_to_hd,benchmark_label_corruption,direct,medium,lgbm,0.7320258333333335
cross,pd_to_hd,benchmark_label_corruption,direct,medium,qda,0.7736879
cross,pd_to_hd,benchmark_label_corruption,direct,medium,rf,0.7294730666666667
cross,pd_to_hd,benchmark_label_corruption,direct,medium,svm,0.7363373333333334
cross,pd_to_hd,benchmark_label_corruption,direct,medium,xgb,0.7312531999999999
cross,pd_to_hd,engineered_feature_gain_bias_drift,pooled_relative,heavy,dt,0.7608393666666667
cross,pd_to_hd,engineered_feature_gain_bias_drift,pooled_relative,heavy,knn,0.7352481666666666
cross,pd_to_hd,engineered_feature_gain_bias_drift,pooled_relative,heavy,lgbm,0.7331979333333333
cross,pd_to_hd,engineered_feature_gain_bias_drift,pooled_relative,heavy,qda,0.6535699
cross,pd_to_hd,engineered_feature_gain_bias_drift,pooled_relative,heavy,rf,0.7838729999999999
cross,pd_to_hd,engineered_feature_gain_bias_drift,pooled_relative,heavy,svm,0.7918823666666668
cross,pd_to_hd,engineered_feature_gain_bias_drift,pooled_relative,heavy,xgb,0.7463045333333334
cross,pd_to_hd,engineered_feature_gain_bias_drift,pooled_relative,light,dt,0.8045264000000001
cross,pd_to_hd,engineered_feature_gain_bias_drift,pooled_relative,light,knn,0.7714453
cross,pd_to_hd,engineered_feature_gain_bias_drift,pooled_relative,light,lgbm,0.8065042333333333
cross,pd_to_hd,engineered_feature_gain_bias_drift,pooled_relative,light,qda,0.8305563
cross,pd_to_hd,engineered_feature_gain_bias_drift,pooled_relative,light,rf,0.8108803666666666
cross,pd_to_hd,engineered_feature_gain_bias_drift,pooled_relative,light,svm,0.7996823333333333
cross,pd_to_hd,engineered_feature_gain_bias_drift,pooled_relative,light,xgb,0.8155839333333332
cross,pd_to_hd,engineered_feature_gain_bias_drift,pooled_relative,medium,dt,0.8212762666666666
cross,pd_to_hd,engineered_feature_gain_bias_drift,pooled_relative,medium,knn,0.7712683333333334
cross,pd_to_hd,engineered_feature_gain_bias_drift,pooled_relative,medium,lgbm,0.8058543666666668
cross,pd_to_hd,engineered_feature_gain_bias_drift,pooled_relative,medium,qda,0.7876439000000001
cross,pd_to_hd,engineered_feature_gain_bias_drift,pooled_relative,medium,rf,0.8083540666666668
cross,pd_to_hd,engineered_feature_gain_bias_drift,pooled_relative,medium,svm,0.7913875
cross,pd_to_hd,engineered_feature_gain_bias_drift,pooled_relative,medium,xgb,0.7993907333333332
cross,pd_to_hd,engineered_feature_gain_bias_drift,source_relative,heavy,dt,0.8085972666666666
cross,pd_to_hd,engineered_feature_gain_bias_drift,source_relative,heavy,knn,0.790230733333333
cross,pd_to_hd,engineered_feature_gain_bias_drift,source_relative,heavy,lgbm,0.7871864333333335
cross,pd_to_hd,engineered_feature_gain_bias_drift,source_relative,heavy,qda,0.7256977666666665
cross,pd_to_hd,engineered_feature_gain_bias_drift,source_relative,heavy,rf,0.7844951666666667
cross,pd_to_hd,engineered_feature_gain_bias_drift,source_relative,heavy,svm,0.8005691
cross,pd_to_hd,engineered_feature_gain_bias_drift,source_relative,heavy,xgb,0.7813171333333333
cross,pd_to_hd,engineered_feature_gain_bias_drift,source_relative,light,dt,0.8083729666666666
cross,pd_to_hd,engineered_feature_gain_bias_drift,source_relative,light,knn,0.7754106
cross,pd_to_hd,engineered_feature_gain_bias_drift,source_relative,light,lgbm,0.8032516333333335
cross,pd_to_hd,engineered_feature_gain_bias_drift,source_relative,light,qda,0.8452314666666666
cross,pd_to_hd,engineered_feature_gain_bias_drift,source_relative,light,rf,0.8104686333333334
cross,pd_to_hd,engineered_feature_gain_bias_drift,source_relative,light,svm,0.8059392333333332
cross,pd_to_hd,engineered_feature_gain_bias_drift,source_relative,light,xgb,0.8224615666666667
cross,pd_to_hd,engineered_feature_gain_bias_drift,source_relative,medium,dt,0.8176736000000001
cross,pd_to_hd,engineered_feature_gain_bias_drift,source_relative,medium,knn,0.7846085333333335
cross,pd_to_hd,engineered_feature_gain_bias_drift,source_relative,medium,lgbm,0.8011161666666667
cross,pd_to_hd,engineered_feature_gain_bias_drift,source_relative,medium,qda,0.8108357666666669
cross,pd_to_hd,engineered_feature_gain_bias_drift,source_relative,medium,rf,0.8054037333333333
cross,pd_to_hd,engineered_feature_gain_bias_drift,source_relative,medium,svm,0.8006656666666667
cross,pd_to_hd,engineered_feature_gain_bias_drift,source_relative,medium,xgb,0.8005472333333332
cross,pd_to_hd,engineered_feature_gain_bias_drift,target_relative,heavy,dt,0.7212222666666668
cross,pd_to_hd,engineered_feature_gain_bias_drift,target_relative,heavy,knn,0.7247196333333333
cross,pd_to_hd,engineered_feature_gain_bias_drift,target_relative,heavy,lgbm,0.7500337333333335
cross,pd_to_hd,engineered_feature_gain_bias_drift,target_relative,heavy,qda,0.5950901000000001
cross,pd_to_hd,engineered_feature_gain_bias_drift,target_relative,heavy,rf,0.7521471999999999
cross,pd_to_hd,engineered_feature_gain_bias_drift,target_relative,heavy,svm,0.7756729333333335
cross,pd_to_hd,engineered_feature_gain_bias_drift,target_relative,heavy,xgb,0.7098268666666667
cross,pd_to_hd,engineered_feature_gain_bias_drift,target_relative,light,dt,0.8107365666666665
cross,pd_to_hd,engineered_feature_gain_bias_drift,target_relative,light,knn,0.7642637999999999
cross,pd_to_hd,engineered_feature_gain_bias_drift,target_relative,light,lgbm,0.8201282
cross,pd_to_hd,engineered_feature_gain_bias_drift,target_relative,light,qda,0.8421465666666665
cross,pd_to_hd,engineered_feature_gain_bias_drift,target_relative,light,rf,0.8071004666666666
cross,pd_to_hd,engineered_feature_gain_bias_drift,target_relative,light,svm,0.7976817666666665
cross,pd_to_hd,engineered_feature_gain_bias_drift,target_relative,light,xgb,0.8198407666666667
cross,pd_to_hd,engineered_feature_gain_bias_drift,target_relative,medium,dt,0.8063693000000001
cross,pd_to_hd,engineered_feature_gain_bias_drift,target_relative,medium,knn,0.7698284
cross,pd_to_hd,engineered_feature_gain_bias_drift,target_relative,medium,lgbm,0.8094342666666667
cross,pd_to_hd,engineered_feature_gain_bias_drift,target_relative,medium,qda,0.7721689
cross,pd_to_hd,engineered_feature_gain_bias_drift,target_relative,medium,rf,0.8108049999999999
cross,pd_to_hd,engineered_feature_gain_bias_drift,target_relative,medium,svm,0.7993513333333333
cross,pd_to_hd,engineered_feature_gain_bias_drift,target_relative,medium,xgb,0.8072403666666667
cross,pd_to_hd,engineered_feature_masking,direct,heavy,dt,0.8085223000000001
cross,pd_to_hd,engineered_feature_masking,direct,heavy,knn,0.7955458666666666
cross,pd_to_hd,engineered_feature_masking,direct,heavy,lgbm,0.8096560666666669
cross,pd_to_hd,engineered_feature_masking,direct,heavy,qda,0.7694787333333334
cross,pd_to_hd,engineered_feature_masking,direct,heavy,rf,0.8077298000000003
cross,pd_to_hd,engineered_feature_masking,direct,heavy,svm,0.8086912
cross,pd_to_hd,engineered_feature_masking,direct,heavy,xgb,0.8099413333333333
cross,pd_to_hd,engineered_feature_masking,direct,light,dt,0.8082691666666669
cross,pd_to_hd,engineered_feature_masking,direct,light,knn,0.7678514000000002
cross,pd_to_hd,engineered_feature_masking,direct,light,lgbm,0.8094768333333336
cross,pd_to_hd,engineered_feature_masking,direct,light,qda,0.8411899333333335
cross,pd_to_hd,engineered_feature_masking,direct,light,rf,0.8068701333333335
cross,pd_to_hd,engineered_feature_masking,direct,light,svm,0.8054774666666666
cross,pd_to_hd,engineered_feature_masking,direct,light,xgb,0.8097054000000002
cross,pd_to_hd,engineered_feature_masking,direct,medium,dt,0.8084570000000002
cross,pd_to_hd,engineered_feature_masking,direct,medium,knn,0.7795339333333335
cross,pd_to_hd,engineered_feature_masking,direct,medium,lgbm,0.8095094333333337
cross,pd_to_hd,engineered_feature_masking,direct,medium,qda,0.813644
cross,pd_to_hd,engineered_feature_masking,direct,medium,rf,0.8071406666666668
cross,pd_to_hd,engineered_feature_masking,direct,medium,svm,0.8046934333333334
cross,pd_to_hd,engineered_feature_masking,direct,medium,xgb,0.8098111333333334
cross,pd_to_hd,evaluation_row_dropout,direct,heavy,dt,0.8102493333333335
cross,pd_to_hd,evaluation_row_dropout,direct,heavy,knn,0.7588720666666667
cross,pd_to_hd,evaluation_row_dropout,direct,heavy,lgbm,0.8089424666666666
cross,pd_to_hd,evaluation_row_dropout,direct,heavy,qda,0.8535641666666667
cross,pd_to_hd,evaluation_row_dropout,direct,heavy,rf,0.8059772999999999
cross,pd_to_hd,evaluation_row_dropout,direct,heavy,svm,0.8047204666666665
cross,pd_to_hd,evaluation_row_dropout,direct,heavy,xgb,0.8093080333333335
cross,pd_to_hd,evaluation_row_dropout,direct,light,dt,0.8084530333333331
cross,pd_to_hd,evaluation_row_dropout,direct,light,knn,0.7618115666666667
cross,pd_to_hd,evaluation_row_dropout,direct,light,lgbm,0.8088192333333332
cross,pd_to_hd,evaluation_row_dropout,direct,light,qda,0.85331
cross,pd_to_hd,evaluation_row_dropout,direct,light,rf,0.8065944
cross,pd_to_hd,evaluation_row_dropout,direct,light,svm,0.8052045666666667
cross,pd_to_hd,evaluation_row_dropout,direct,light,xgb,0.8097290333333333
cross,pd_to_hd,evaluation_row_dropout,direct,medium,dt,0.8078782999999999
cross,pd_to_hd,evaluation_row_dropout,direct,medium,knn,0.7617687666666667
cross,pd_to_hd,evaluation_row_dropout,direct,medium,lgbm,0.8093749333333331
cross,pd_to_hd,evaluation_row_dropout,direct,medium,qda,0.8529893000000002
cross,pd_to_hd,evaluation_row_dropout,direct,medium,rf,0.8064417000000002
cross,pd_to_hd,evaluation_row_dropout,direct,medium,svm,0.8056764000000001
cross,pd_to_hd,evaluation_row_dropout,direct,medium,xgb,0.8090966333333334
cross,pd_to_hd,gaussian_feature_space_jitter,pooled_relative,heavy,dt,0.6827309333333332
cross,pd_to_hd,gaussian_feature_space_jitter,pooled_relative,heavy,knn,0.6910773333333332
cross,pd_to_hd,gaussian_feature_space_jitter,pooled_relative,heavy,lgbm,0.6860798999999999
cross,pd_to_hd,gaussian_feature_space_jitter,pooled_relative,heavy,qda,0.5148959666666667
cross,pd_to_hd,gaussian_feature_space_jitter,pooled_relative,heavy,rf,0.7037284
cross,pd_to_hd,gaussian_feature_space_jitter,pooled_relative,heavy,svm,0.7322853333333335
cross,pd_to_hd,gaussian_feature_space_jitter,pooled_relative,heavy,xgb,0.6883703
cross,pd_to_hd,gaussian_feature_space_jitter,pooled_relative,light,dt,0.8079426000000001
cross,pd_to_hd,gaussian_feature_space_jitter,pooled_relative,light,knn,0.7634162333333332
cross,pd_to_hd,gaussian_feature_space_jitter,pooled_relative,light,lgbm,0.8075645666666665
cross,pd_to_hd,gaussian_feature_space_jitter,pooled_relative,light,qda,0.8133452999999999
cross,pd_to_hd,gaussian_feature_space_jitter,pooled_relative,light,rf,0.8126574000000001
cross,pd_to_hd,gaussian_feature_space_jitter,pooled_relative,light,svm,0.8013271333333333
cross,pd_to_hd,gaussian_feature_space_jitter,pooled_relative,light,xgb,0.8123748666666668
cross,pd_to_hd,gaussian_feature_space_jitter,pooled_relative,medium,dt,0.7472540333333334
cross,pd_to_hd,gaussian_feature_space_jitter,pooled_relative,medium,knn,0.7335737999999999
cross,pd_to_hd,gaussian_feature_space_jitter,pooled_relative,medium,lgbm,0.7471731333333334
cross,pd_to_hd,gaussian_feature_space_jitter,pooled_relative,medium,qda,0.6981304333333334
cross,pd_to_hd,gaussian_feature_space_jitter,pooled_relative,medium,rf,0.7634038000000001
cross,pd_to_hd,gaussian_feature_space_jitter,pooled_relative,medium,svm,0.7802669333333333
cross,pd_to_hd,gaussian_feature_space_jitter,pooled_relative,medium,xgb,0.7524633000000001
cross,pd_to_hd,gaussian_feature_space_jitter,source_relative,heavy,dt,0.7493420333333334
cross,pd_to_hd,gaussian_feature_space_jitter,source_relative,heavy,knn,0.7388400333333335
cross,pd_to_hd,gaussian_feature_space_jitter,source_relative,heavy,lgbm,0.7511722333333334
cross,pd_to_hd,gaussian_feature_space_jitter,source_relative,heavy,qda,0.6856821666666666
cross,pd_to_hd,gaussian_feature_space_jitter,source_relative,heavy,rf,0.7641989333333332
cross,pd_to_hd,gaussian_feature_space_jitter,source_relative,heavy,svm,0.7783661666666666
cross,pd_to_hd,gaussian_feature_space_jitter,source_relative,heavy,xgb,0.7553104666666667
cross,pd_to_hd,gaussian_feature_space_jitter,source_relative,light,dt,0.8100376666666665
cross,pd_to_hd,gaussian_feature_space_jitter,source_relative,light,knn,0.7689013333333334
cross,pd_to_hd,gaussian_feature_space_jitter,source_relative,light,lgbm,0.8116879666666665
cross,pd_to_hd,gaussian_feature_space_jitter,source_relative,light,qda,0.8378873333333331
cross,pd_to_hd,gaussian_feature_space_jitter,source_relative,light,rf,0.8105860000000003
cross,pd_to_hd,gaussian_feature_space_jitter,source_relative,light,svm,0.8050381999999999
cross,pd_to_hd,gaussian_feature_space_jitter,source_relative,light,xgb,0.8212821666666666
cross,pd_to_hd,gaussian_feature_space_jitter,source_relative,medium,dt,0.8002623666666667
cross,pd_to_hd,gaussian_feature_space_jitter,source_relative,medium,knn,0.7667082666666666
cross,pd_to_hd,gaussian_feature_space_jitter,source_relative,medium,lgbm,0.8003098333333334
cross,pd_to_hd,gaussian_feature_space_jitter,source_relative,medium,qda,0.7976952
cross,pd_to_hd,gaussian_feature_space_jitter,source_relative,medium,rf,0.8087609999999998
cross,pd_to_hd,gaussian_feature_space_jitter,source_relative,medium,svm,0.8007013333333334
cross,pd_to_hd,gaussian_feature_space_jitter,source_relative,medium,xgb,0.8060950666666665
cross,pd_to_hd,gaussian_feature_space_jitter,target_relative,heavy,dt,0.6612125666666666
cross,pd_to_hd,gaussian_feature_space_jitter,target_relative,heavy,knn,0.6746511666666668
cross,pd_to_hd,gaussian_feature_space_jitter,target_relative,heavy,lgbm,0.6691188333333334
cross,pd_to_hd,gaussian_feature_space_jitter,target_relative,heavy,qda,0.4749785333333333
cross,pd_to_hd,gaussian_feature_space_jitter,target_relative,heavy,rf,0.6885637333333333
cross,pd_to_hd,gaussian_feature_space_jitter,target_relative,heavy,svm,0.7192643333333333
cross,pd_to_hd,gaussian_feature_space_jitter,target_relative,heavy,xgb,0.6733212999999999
cross,pd_to_hd,gaussian_feature_space_jitter,target_relative,light,dt,0.7992815333333336
cross,pd_to_hd,gaussian_feature_space_jitter,target_relative,light,knn,0.7600367333333333
cross,pd_to_hd,gaussian_feature_space_jitter,target_relative,light,lgbm,0.8011196333333334
cross,pd_to_hd,gaussian_feature_space_jitter,target_relative,light,qda,0.8017185666666666
cross,pd_to_hd,gaussian_feature_space_jitter,target_relative,light,rf,0.8086594333333335
cross,pd_to_hd,gaussian_feature_space_jitter,target_relative,light,svm,0.8005884666666667
cross,pd_to_hd,gaussian_feature_space_jitter,target_relative,light,xgb,0.8063546666666664
cross,pd_to_hd,gaussian_feature_space_jitter,target_relative,medium,dt,0.7269993999999999
cross,pd_to_hd,gaussian_feature_space_jitter,target_relative,medium,knn,0.7212516666666665
cross,pd_to_hd,gaussian_feature_space_jitter,target_relative,medium,lgbm,0.7284240000000001
cross,pd_to_hd,gaussian_feature_space_jitter,target_relative,medium,qda,0.6492573333333332
cross,pd_to_hd,gaussian_feature_space_jitter,target_relative,medium,rf,0.7444405333333335
cross,pd_to_hd,gaussian_feature_space_jitter,target_relative,medium,svm,0.7675763666666666
cross,pd_to_hd,gaussian_feature_space_jitter,target_relative,medium,xgb,0.7338824
within,als,benchmark_label_corruption,direct,heavy,dt,0.7008569333333333
within,als,benchmark_label_corruption,direct,heavy,knn,0.7622043666666669
within,als,benchmark_label_corruption,direct,heavy,lgbm,0.6696980666666664
within,als,benchmark_label_corruption,direct,heavy,qda,0.7785810666666666
within,als,benchmark_label_corruption,direct,heavy,rf,0.7493220666666667
within,als,benchmark_label_corruption,direct,heavy,svm,0.7594311999999999
within,als,benchmark_label_corruption,direct,heavy,xgb,0.6923160666666667
within,als,benchmark_label_corruption,direct,light,dt,0.8032248333333333
within,als,benchmark_label_corruption,direct,light,knn,0.8942551333333333
within,als,benchmark_label_corruption,direct,light,lgbm,0.753430766666667
within,als,benchmark_label_corruption,direct,light,qda,0.9163649
within,als,benchmark_label_corruption,direct,light,rf,0.8756512333333333
within,als,benchmark_label_corruption,direct,light,svm,0.8917990000000001
within,als,benchmark_label_corruption,direct,light,xgb,0.7892245333333333
within,als,benchmark_label_corruption,direct,medium,dt,0.7700403999999998
within,als,benchmark_label_corruption,direct,medium,knn,0.8495218666666666
within,als,benchmark_label_corruption,direct,medium,lgbm,0.7251127333333333
within,als,benchmark_label_corruption,direct,medium,qda,0.8705063333333335
within,als,benchmark_label_corruption,direct,medium,rf,0.8332873333333333
within,als,benchmark_label_corruption,direct,medium,svm,0.8494738000000001
within,als,benchmark_label_corruption,direct,medium,xgb,0.7560426666666669
within,als,engineered_feature_gain_bias_drift,direct,heavy,dt,0.7043903333333332
within,als,engineered_feature_gain_bias_drift,direct,heavy,knn,0.9026787666666665
within,als,engineered_feature_gain_bias_drift,direct,heavy,lgbm,0.7216424666666665
within,als,engineered_feature_gain_bias_drift,direct,heavy,qda,0.7547656333333334
within,als,engineered_feature_gain_bias_drift,direct,heavy,rf,0.8419510333333332
within,als,engineered_feature_gain_bias_drift,direct,heavy,svm,0.8843595666666667
within,als,engineered_feature_gain_bias_drift,direct,heavy,xgb,0.7771911999999997
within,als,engineered_feature_gain_bias_drift,direct,light,dt,0.8088774666666667
within,als,engineered_feature_gain_bias_drift,direct,light,knn,0.9380544666666667
within,als,engineered_feature_gain_bias_drift,direct,light,lgbm,0.7675449666666666
within,als,engineered_feature_gain_bias_drift,direct,light,qda,0.9494381000000001
within,als,engineered_feature_gain_bias_drift,direct,light,rf,0.9240516
within,als,engineered_feature_gain_bias_drift,direct,light,svm,0.9316103333333334
within,als,engineered_feature_gain_bias_drift,direct,light,xgb,0.8186146666666668
within,als,engineered_feature_gain_bias_drift,direct,medium,dt,0.7494687333333334
within,als,engineered_feature_gain_bias_drift,direct,medium,knn,0.9215211666666666
within,als,engineered_feature_gain_bias_drift,direct,medium,lgbm,0.7476369999999999
within,als,engineered_feature_gain_bias_drift,direct,medium,qda,0.8969323333333333
within,als,engineered_feature_gain_bias_drift,direct,medium,rf,0.9051346666666666
within,als,engineered_feature_gain_bias_drift,direct,medium,svm,0.9226335666666666
within,als,engineered_feature_gain_bias_drift,direct,medium,xgb,0.7978986000000001
within,als,engineered_feature_masking,direct,heavy,dt,0.8141666000000001
within,als,engineered_feature_masking,direct,heavy,knn,0.9011226666666665
within,als,engineered_feature_masking,direct,heavy,lgbm,0.7474730666666666
within,als,engineered_feature_masking,direct,heavy,qda,0.8275134999999999
within,als,engineered_feature_masking,direct,heavy,rf,0.8974546
within,als,engineered_feature_masking,direct,heavy,svm,0.8193988000000001
within,als,engineered_feature_masking,direct,heavy,xgb,0.8011952999999999
within,als,engineered_feature_masking,direct,light,dt,0.8335462666666668
within,als,engineered_feature_masking,direct,light,knn,0.9321564666666667
within,als,engineered_feature_masking,direct,light,lgbm,0.7768042666666666
within,als,engineered_feature_masking,direct,light,qda,0.9419440666666666
within,als,engineered_feature_masking,direct,light,rf,0.9146584000000001
within,als,engineered_feature_masking,direct,light,svm,0.9165304000000002
within,als,engineered_feature_masking,direct,light,xgb,0.8182582666666666
within,als,engineered_feature_masking,direct,medium,dt,0.8236385333333334
within,als,engineered_feature_masking,direct,medium,knn,0.9196114000000001
within,als,engineered_feature_masking,direct,medium,lgbm,0.7656875666666667
within,als,engineered_feature_masking,direct,medium,qda,0.8987782333333335
within,als,engineered_feature_masking,direct,medium,rf,0.9074664666666666
within,als,engineered_feature_masking,direct,medium,svm,0.8793420666666667
within,als,engineered_feature_masking,direct,medium,xgb,0.8110408000000002
within,als,evaluation_row_dropout,direct,heavy,dt,0.8392472000000001
within,als,evaluation_row_dropout,direct,heavy,knn,0.9384608999999998
within,als,evaluation_row_dropout,direct,heavy,lgbm,0.7825770666666667
within,als,evaluation_row_dropout,direct,heavy,qda,0.9635679333333333
within,als,evaluation_row_dropout,direct,heavy,rf,0.9171342
within,als,evaluation_row_dropout,direct,heavy,svm,0.9360962666666666
within,als,evaluation_row_dropout,direct,heavy,xgb,0.8217781333333335
within,als,evaluation_row_dropout,direct,light,dt,0.8381988666666668
within,als,evaluation_row_dropout,direct,light,knn,0.9382367666666667
within,als,evaluation_row_dropout,direct,light,lgbm,0.7815612333333334
within,als,evaluation_row_dropout,direct,light,qda,0.9642395333333333
within,als,evaluation_row_dropout,direct,light,rf,0.9177171666666666
within,als,evaluation_row_dropout,direct,light,svm,0.9354104666666666
within,als,evaluation_row_dropout,direct,light,xgb,0.8220378333333332
within,als,evaluation_row_dropout,direct,medium,dt,0.8385564333333334
within,als,evaluation_row_dropout,direct,medium,knn,0.9382062333333334
within,als,evaluation_row_dropout,direct,medium,lgbm,0.7826728666666667
within,als,evaluation_row_dropout,direct,medium,qda,0.9637908333333332
within,als,evaluation_row_dropout,direct,medium,rf,0.9180111666666666
within,als,evaluation_row_dropout,direct,medium,svm,0.934844
within,als,evaluation_row_dropout,direct,medium,xgb,0.8227265
within,als,gaussian_feature_space_jitter,direct,heavy,dt,0.6940603333333333
within,als,gaussian_feature_space_jitter,direct,heavy,knn,0.8953690666666667
within,als,gaussian_feature_space_jitter,direct,heavy,lgbm,0.7248612333333334
within,als,gaussian_feature_space_jitter,direct,heavy,qda,0.7298322333333334
within,als,gaussian_feature_space_jitter,direct,heavy,rf,0.8307797333333333
within,als,gaussian_feature_space_jitter,direct,heavy,svm,0.8913107666666668
within,als,gaussian_feature_space_jitter,direct,heavy,xgb,0.7795790666666668
within,als,gaussian_feature_space_jitter,direct,light,dt,0.8046617
within,als,gaussian_feature_space_jitter,direct,light,knn,0.9374418333333334
within,als,gaussian_feature_space_jitter,direct,light,lgbm,0.7781562666666666
within,als,gaussian_feature_space_jitter,direct,light,qda,0.9482674333333333
within,als,gaussian_feature_space_jitter,direct,light,rf,0.920511
within,als,gaussian_feature_space_jitter,direct,light,svm,0.9334639333333333
within,als,gaussian_feature_space_jitter,direct,light,xgb,0.8180240000000001
within,als,gaussian_feature_space_jitter,direct,medium,dt,0.7545778000000001
within,als,gaussian_feature_space_jitter,direct,medium,knn,0.9294710666666666
within,als,gaussian_feature_space_jitter,direct,medium,lgbm,0.7655873999999999
within,als,gaussian_feature_space_jitter,direct,medium,qda,0.8856783666666669
within,als,gaussian_feature_space_jitter,direct,medium,rf,0.8966727999999999
within,als,gaussian_feature_space_jitter,direct,medium,svm,0.9223016
within,als,gaussian_feature_space_jitter,direct,medium,xgb,0.8081166333333333
within,hd,benchmark_label_corruption,direct,heavy,dt,0.7255574666666667
within,hd,benchmark_label_corruption,direct,heavy,knn,0.6402869666666667
within,hd,benchmark_label_corruption,direct,heavy,lgbm,0.7263278666666668
within,hd,benchmark_label_corruption,direct,heavy,qda,0.7090067666666666
within,hd,benchmark_label_corruption,direct,heavy,rf,0.7268433
within,hd,benchmark_label_corruption,direct,heavy,svm,0.7044246333333333
within,hd,benchmark_label_corruption,direct,heavy,xgb,0.7595215666666667
within,hd,benchmark_label_corruption,direct,light,dt,0.8579178666666665
within,hd,benchmark_label_corruption,direct,light,knn,0.7229555000000001
within,hd,benchmark_label_corruption,direct,light,lgbm,0.8573108333333332
within,hd,benchmark_label_corruption,direct,light,qda,0.8311886666666667
within,hd,benchmark_label_corruption,direct,light,rf,0.8578963999999999
within,hd,benchmark_label_corruption,direct,light,svm,0.8158627333333333
within,hd,benchmark_label_corruption,direct,light,xgb,0.9039500666666666
within,hd,benchmark_label_corruption,direct,medium,dt,0.8125171666666665
within,hd,benchmark_label_corruption,direct,medium,knn,0.6954329000000001
within,hd,benchmark_label_corruption,direct,medium,lgbm,0.8124505000000001
within,hd,benchmark_label_corruption,direct,medium,qda,0.7911773
within,hd,benchmark_label_corruption,direct,medium,rf,0.8110901666666666
within,hd,benchmark_label_corruption,direct,medium,svm,0.7769110000000001
within,hd,benchmark_label_corruption,direct,medium,xgb,0.8560403000000001
within,hd,engineered_feature_gain_bias_drift,direct,heavy,dt,0.8092761333333335
within,hd,engineered_feature_gain_bias_drift,direct,heavy,knn,0.6967778666666667
within,hd,engineered_feature_gain_bias_drift,direct,heavy,lgbm,0.7727839
within,hd,engineered_feature_gain_bias_drift,direct,heavy,qda,0.40790753333333335
within,hd,engineered_feature_gain_bias_drift,direct,heavy,rf,0.8396102333333334
within,hd,engineered_feature_gain_bias_drift,direct,heavy,svm,0.7420705666666667
within,hd,engineered_feature_gain_bias_drift,direct,heavy,xgb,0.7757657333333334
within,hd,engineered_feature_gain_bias_drift,direct,light,dt,0.8864194666666666
within,hd,engineered_feature_gain_bias_drift,direct,light,knn,0.7535150333333333
within,hd,engineered_feature_gain_bias_drift,direct,light,lgbm,0.8924941
within,hd,engineered_feature_gain_bias_drift,direct,light,qda,0.5804794666666668
within,hd,engineered_feature_gain_bias_drift,direct,light,rf,0.9080571666666667
within,hd,engineered_feature_gain_bias_drift,direct,light,svm,0.8465202000000002
within,hd,engineered_feature_gain_bias_drift,direct,light,xgb,0.8945061999999997
within,hd,engineered_feature_gain_bias_drift,direct,medium,dt,0.8588255666666668
within,hd,engineered_feature_gain_bias_drift,direct,medium,knn,0.7387374000000001
within,hd,engineered_feature_gain_bias_drift,direct,medium,lgbm,0.8737767666666667
within,hd,engineered_feature_gain_bias_drift,direct,medium,qda,0.41872630000000005
within,hd,engineered_feature_gain_bias_drift,direct,medium,rf,0.8662014666666666
within,hd,engineered_feature_gain_bias_drift,direct,medium,svm,0.8036879666666668
within,hd,engineered_feature_gain_bias_drift,direct,medium,xgb,0.8569832666666666
within,hd,engineered_feature_masking,direct,heavy,dt,0.9043500000000002
within,hd,engineered_feature_masking,direct,heavy,knn,0.7316876333333333
within,hd,engineered_feature_masking,direct,heavy,lgbm,0.9043500000000002
within,hd,engineered_feature_masking,direct,heavy,qda,0.7839986333333334
within,hd,engineered_feature_masking,direct,heavy,rf,0.9043500000000002
within,hd,engineered_feature_masking,direct,heavy,svm,0.7995043000000001
within,hd,engineered_feature_masking,direct,heavy,xgb,0.9546029999999998
within,hd,engineered_feature_masking,direct,light,dt,0.9043500000000002
within,hd,engineered_feature_masking,direct,light,knn,0.7486688999999999
within,hd,engineered_feature_masking,direct,light,lgbm,0.9043500000000002
within,hd,engineered_feature_masking,direct,light,qda,0.8597949333333332
within,hd,engineered_feature_masking,direct,light,rf,0.9043500000000002
within,hd,engineered_feature_masking,direct,light,svm,0.8456811
within,hd,engineered_feature_masking,direct,light,xgb,0.9546029999999998
within,hd,engineered_feature_masking,direct,medium,dt,0.9043500000000002
within,hd,engineered_feature_masking,direct,medium,knn,0.7410454333333332
within,hd,engineered_feature_masking,direct,medium,lgbm,0.9043500000000002
within,hd,engineered_feature_masking,direct,medium,qda,0.8314914666666665
within,hd,engineered_feature_masking,direct,medium,rf,0.9043500000000002
within,hd,engineered_feature_masking,direct,medium,svm,0.82825
within,hd,engineered_feature_masking,direct,medium,xgb,0.9546029999999998
within,hd,evaluation_row_dropout,direct,heavy,dt,0.9044902666666665
within,hd,evaluation_row_dropout,direct,heavy,knn,0.7541545
within,hd,evaluation_row_dropout,direct,heavy,lgbm,0.9046882666666668
within,hd,evaluation_row_dropout,direct,heavy,qda,0.8725463
within,hd,evaluation_row_dropout,direct,heavy,rf,0.9054524666666665
within,hd,evaluation_row_dropout,direct,heavy,svm,0.8554004333333334
within,hd,evaluation_row_dropout,direct,heavy,xgb,0.9545894999999999
within,hd,evaluation_row_dropout,direct,light,dt,0.9045728333333332
within,hd,evaluation_row_dropout,direct,light,knn,0.7523685666666666
within,hd,evaluation_row_dropout,direct,light,lgbm,0.9043637
within,hd,evaluation_row_dropout,direct,light,qda,0.8732339666666667
within,hd,evaluation_row_dropout,direct,light,rf,0.9044282333333332
within,hd,evaluation_row_dropout,direct,light,svm,0.8546691666666667
within,hd,evaluation_row_dropout,direct,light,xgb,0.9546132666666666
within,hd,evaluation_row_dropout,direct,medium,dt,0.9040486999999999
within,hd,evaluation_row_dropout,direct,medium,knn,0.7510745666666667
within,hd,evaluation_row_dropout,direct,medium,lgbm,0.9035425666666667
within,hd,evaluation_row_dropout,direct,medium,qda,0.874295
within,hd,evaluation_row_dropout,direct,medium,rf,0.904233233333333
within,hd,evaluation_row_dropout,direct,medium,svm,0.8537880333333334
within,hd,evaluation_row_dropout,direct,medium,xgb,0.9551862999999999
within,hd,gaussian_feature_space_jitter,direct,heavy,dt,0.7067176666666666
within,hd,gaussian_feature_space_jitter,direct,heavy,knn,0.6761734
within,hd,gaussian_feature_space_jitter,direct,heavy,lgbm,0.7056842999999999
within,hd,gaussian_feature_space_jitter,direct,heavy,qda,0.4081665666666666
within,hd,gaussian_feature_space_jitter,direct,heavy,rf,0.7284324666666666
within,hd,gaussian_feature_space_jitter,direct,heavy,svm,0.6798079
within,hd,gaussian_feature_space_jitter,direct,heavy,xgb,0.7081924666666667
within,hd,gaussian_feature_space_jitter,direct,light,dt,0.8655420333333333
within,hd,gaussian_feature_space_jitter,direct,light,knn,0.7434912333333332
within,hd,gaussian_feature_space_jitter,direct,light,lgbm,0.8659918333333334
within,hd,gaussian_feature_space_jitter,direct,light,qda,0.6215407333333333
within,hd,gaussian_feature_space_jitter,direct,light,rf,0.8681467333333333
within,hd,gaussian_feature_space_jitter,direct,light,svm,0.8132196333333334
within,hd,gaussian_feature_space_jitter,direct,light,xgb,0.8646403333333333
within,hd,gaussian_feature_space_jitter,direct,medium,dt,0.7801496
within,hd,gaussian_feature_space_jitter,direct,medium,knn,0.7140415666666666
within,hd,gaussian_feature_space_jitter,direct,medium,lgbm,0.7806459666666669
within,hd,gaussian_feature_space_jitter,direct,medium,qda,0.41866396666666666
within,hd,gaussian_feature_space_jitter,direct,medium,rf,0.7936733333333333
within,hd,gaussian_feature_space_jitter,direct,medium,svm,0.7359445333333333
within,hd,gaussian_feature_space_jitter,direct,medium,xgb,0.7816799333333333
within,pd,benchmark_label_corruption,direct,heavy,dt,0.7316279000000001
within,pd,benchmark_label_corruption,direct,heavy,knn,0.7210087666666668
within,pd,benchmark_label_corruption,direct,heavy,lgbm,0.7314857
within,pd,benchmark_label_corruption,direct,heavy,qda,0.6985451333333333
within,pd,benchmark_label_corruption,direct,heavy,rf,0.7293583
within,pd,benchmark_label_corruption,direct,heavy,svm,0.7057262666666667
within,pd,benchmark_label_corruption,direct,heavy,xgb,0.7066341333333332
within,pd,benchmark_label_corruption,direct,light,dt,0.8582745999999999
within,pd,benchmark_label_corruption,direct,light,knn,0.8370685333333332
within,pd,benchmark_label_corruption,direct,light,lgbm,0.8593090999999998
within,pd,benchmark_label_corruption,direct,light,qda,0.8008854666666667
within,pd,benchmark_label_corruption,direct,light,rf,0.8561221666666667
within,pd,benchmark_label_corruption,direct,light,svm,0.8090275666666666
within,pd,benchmark_label_corruption,direct,light,xgb,0.8148279666666666
within,pd,benchmark_label_corruption,direct,medium,dt,0.8149857333333334
within,pd,benchmark_label_corruption,direct,medium,knn,0.7976692333333334
within,pd,benchmark_label_corruption,direct,medium,lgbm,0.8160900666666666
within,pd,benchmark_label_corruption,direct,medium,qda,0.7668786
within,pd,benchmark_label_corruption,direct,medium,rf,0.8126774999999999
within,pd,benchmark_label_corruption,direct,medium,svm,0.7745514666666667
within,pd,benchmark_label_corruption,direct,medium,xgb,0.7773132000000001
within,pd,engineered_feature_gain_bias_drift,direct,heavy,dt,0.7732804999999999
within,pd,engineered_feature_gain_bias_drift,direct,heavy,knn,0.7896536333333332
within,pd,engineered_feature_gain_bias_drift,direct,heavy,lgbm,0.7996585666666667
within,pd,engineered_feature_gain_bias_drift,direct,heavy,qda,0.7458085333333334
within,pd,engineered_feature_gain_bias_drift,direct,heavy,rf,0.8148376666666668
within,pd,engineered_feature_gain_bias_drift,direct,heavy,svm,0.7987678666666667
within,pd,engineered_feature_gain_bias_drift,direct,heavy,xgb,0.7718008
within,pd,engineered_feature_gain_bias_drift,direct,light,dt,0.8913008666666666
within,pd,engineered_feature_gain_bias_drift,direct,light,knn,0.8724816333333332
within,pd,engineered_feature_gain_bias_drift,direct,light,lgbm,0.8895327999999999
within,pd,engineered_feature_gain_bias_drift,direct,light,qda,0.8381244666666666
within,pd,engineered_feature_gain_bias_drift,direct,light,rf,0.8717415333333332
within,pd,engineered_feature_gain_bias_drift,direct,light,svm,0.8431899666666669
within,pd,engineered_feature_gain_bias_drift,direct,light,xgb,0.8723801666666667
within,pd,engineered_feature_gain_bias_drift,direct,medium,dt,0.8488668333333333
within,pd,engineered_feature_gain_bias_drift,direct,medium,knn,0.8468606
within,pd,engineered_feature_gain_bias_drift,direct,medium,lgbm,0.8566610333333332
within,pd,engineered_feature_gain_bias_drift,direct,medium,qda,0.8306412999999998
within,pd,engineered_feature_gain_bias_drift,direct,medium,rf,0.8546042333333332
within,pd,engineered_feature_gain_bias_drift,direct,medium,svm,0.8223388333333334
within,pd,engineered_feature_gain_bias_drift,direct,medium,xgb,0.8348938
within,pd,engineered_feature_masking,direct,heavy,dt,0.9028236666666668
within,pd,engineered_feature_masking,direct,heavy,knn,0.8735756666666664
within,pd,engineered_feature_masking,direct,heavy,lgbm,0.9026871666666665
within,pd,engineered_feature_masking,direct,heavy,qda,0.7534201666666666
within,pd,engineered_feature_masking,direct,heavy,rf,0.8964941000000001
within,pd,engineered_feature_masking,direct,heavy,svm,0.7835868333333333
within,pd,engineered_feature_masking,direct,heavy,xgb,0.8512397333333335
within,pd,engineered_feature_masking,direct,light,dt,0.9022196
within,pd,engineered_feature_masking,direct,light,knn,0.8750720333333334
within,pd,engineered_feature_masking,direct,light,lgbm,0.9020828
within,pd,engineered_feature_masking,direct,light,qda,0.8230862666666666
within,pd,engineered_feature_masking,direct,light,rf,0.8990315333333334
within,pd,engineered_feature_masking,direct,light,svm,0.8341429333333334
within,pd,engineered_feature_masking,direct,light,xgb,0.8509404999999998
within,pd,engineered_feature_masking,direct,medium,dt,0.9024570666666668
within,pd,engineered_feature_masking,direct,medium,knn,0.8733456333333333
within,pd,engineered_feature_masking,direct,medium,lgbm,0.9024139333333332
within,pd,engineered_feature_masking,direct,medium,qda,0.7975192
within,pd,engineered_feature_masking,direct,medium,rf,0.8976930999999998
within,pd,engineered_feature_masking,direct,medium,svm,0.8135721666666665
within,pd,engineered_feature_masking,direct,medium,xgb,0.8510830333333333
within,pd,evaluation_row_dropout,direct,heavy,dt,0.9020318333333335
within,pd,evaluation_row_dropout,direct,heavy,knn,0.8755251333333333
within,pd,evaluation_row_dropout,direct,heavy,lgbm,0.9013734666666668
within,pd,evaluation_row_dropout,direct,heavy,qda,0.8349998000000001
within,pd,evaluation_row_dropout,direct,heavy,rf,0.899044
within,pd,evaluation_row_dropout,direct,heavy,svm,0.8450500333333334
within,pd,evaluation_row_dropout,direct,heavy,xgb,0.852945
within,pd,evaluation_row_dropout,direct,light,dt,0.9019714999999998
within,pd,evaluation_row_dropout,direct,light,knn,0.8765012
within,pd,evaluation_row_dropout,direct,light,lgbm,0.9022371666666664
within,pd,evaluation_row_dropout,direct,light,qda,0.8361487666666666
within,pd,evaluation_row_dropout,direct,light,rf,0.8992891333333334
within,pd,evaluation_row_dropout,direct,light,svm,0.8442652333333334
within,pd,evaluation_row_dropout,direct,light,xgb,0.8509933333333335
within,pd,evaluation_row_dropout,direct,medium,dt,0.9021056666666664
within,pd,evaluation_row_dropout,direct,medium,knn,0.8761967666666666
within,pd,evaluation_row_dropout,direct,medium,lgbm,0.9014787333333332
within,pd,evaluation_row_dropout,direct,medium,qda,0.8358289666666666
within,pd,evaluation_row_dropout,direct,medium,rf,0.8986386333333333
within,pd,evaluation_row_dropout,direct,medium,svm,0.8437639
within,pd,evaluation_row_dropout,direct,medium,xgb,0.8503434999999998
within,pd,gaussian_feature_space_jitter,direct,heavy,dt,0.7153964666666667
within,pd,gaussian_feature_space_jitter,direct,heavy,knn,0.7966413666666666
within,pd,gaussian_feature_space_jitter,direct,heavy,lgbm,0.7339907
within,pd,gaussian_feature_space_jitter,direct,heavy,qda,0.7409364
within,pd,gaussian_feature_space_jitter,direct,heavy,rf,0.7494268333333333
within,pd,gaussian_feature_space_jitter,direct,heavy,svm,0.7771152333333335
within,pd,gaussian_feature_space_jitter,direct,heavy,xgb,0.7274936666666666
within,pd,gaussian_feature_space_jitter,direct,light,dt,0.880102
within,pd,gaussian_feature_space_jitter,direct,light,knn,0.8733838333333334
within,pd,gaussian_feature_space_jitter,direct,light,lgbm,0.8837845666666665
within,pd,gaussian_feature_space_jitter,direct,light,qda,0.8407629
within,pd,gaussian_feature_space_jitter,direct,light,rf,0.8754928333333333
within,pd,gaussian_feature_space_jitter,direct,light,svm,0.8358249000000001
within,pd,gaussian_feature_space_jitter,direct,light,xgb,0.8567064666666667
within,pd,gaussian_feature_space_jitter,direct,medium,dt,0.8022175666666665
within,pd,gaussian_feature_space_jitter,direct,medium,knn,0.8550053000000001
within,pd,gaussian_feature_space_jitter,direct,medium,lgbm,0.8143072666666666
within,pd,gaussian_feature_space_jitter,direct,medium,qda,0.8282551666666668
within,pd,gaussian_feature_space_jitter,direct,medium,rf,0.8242083333333332
within,pd,gaussian_feature_space_jitter,direct,medium,svm,0.819826
within,pd,gaussian_feature_space_jitter,direct,medium,xgb,0.7955022
