metric,value
ari_k3_vs_condition,0.033773014356925625
ari_k6_vs_condition_label,0.16779663841663267
